customer_id,region,plan,tenure_months,monthly_spend,support_tickets,churned
1000,East,Standard,71,14.1,1,0
1001,South,Basic,40,68.35,1,0
1002,West,Premium,3,69.29,2,1
1003,East,Basic,64,39.46,0,0
1004,North,Standard,68,57.38,1,0
1005,West,Basic,20,44.09,1,0
1006,East,Standard,29,52.35,1,0
1007,East,Basic,2,27.35,1,0
1008,North,Basic,57,59.2,1,0
1009,South,Standard,56,18.46,2,0
1010,South,Basic,2,15.06,2,1
1011,West,Basic,50,45.81,4,1
1012,East,Premium,30,44.2,1,0
1013,West,Basic,39,52.9,1,1
1014,South,Standard,16,36.31,2,0
1015,North,Standard,58,81.94,2,0
1016,South,Basic,29,50.89,1,0
1017,North,Standard,60,52.19,3,0
1018,West,Basic,11,51.55,2,0
1019,East,Standard,42,66.05,1,0
1020,East,Basic,23,58.37,4,1
1021,South,Basic,69,55.96,3,1
1022,West,Basic,40,61.25,1,0
1023,West,Premium,52,15.16,2,0
1024,East,Standard,7,15.84,1,0
1025,North,Premium,49,46.63,2,0
1026,South,Standard,8,44.44,1,0
1027,North,Standard,26,58.44,2,0
1028,North,Standard,16,48.36,2,0
1029,East,Premium,1,58.47,0,0
1030,East,Standard,42,25.58,1,0
1031,West,Basic,18,47.81,0,1
1032,South,Standard,37,23.86,1,0
1033,South,Standard,55,54.96,1,0
1034,South,Basic,13,14.19,5,0
1035,North,Basic,51,54.27,0,1
1036,North,Basic,22,21.56,2,1
1037,South,Premium,24,41.1,4,0
1038,North,Basic,41,64.11,2,1
1039,East,Premium,45,52.09,0,0
1040,South,Basic,47,18.38,2,0
1041,West,Standard,14,35.9,0,0
1042,East,Basic,42,20.98,0,0
1043,South,Premium,19,17.49,0,0
1044,West,Standard,20,50.12,3,0
1045,East,Basic,68,58.09,1,0
1046,South,Basic,8,55.93,4,1
1047,North,Basic,30,58.85,0,0
1048,East,Basic,32,47.79,1,0
1049,North,Standard,18,43.08,1,0
1050,North,Premium,56,28.68,1,0
1051,North,Standard,35,40.08,0,0
1052,East,Standard,52,24.22,2,0
1053,East,Basic,28,32.79,1,0
1054,East,Premium,64,49.6,0,0
1055,East,Premium,52,45.88,0,0
1056,South,Basic,24,103.17,1,1
1057,South,Premium,69,23.78,0,0
1058,North,Basic,62,45.75,2,0
1059,North,Premium,43,22.37,0,0
1060,East,Premium,2,41.02,1,0
1061,South,Standard,42,41.75,0,0
1062,South,Basic,50,63.21,1,0
1063,East,Standard,26,39.91,2,0
1064,East,Basic,11,44.56,1,0
1065,South,Standard,41,40.25,2,0
1066,South,Basic,57,22.78,0,0
1067,South,Standard,23,36.26,0,0
1068,North,Premium,33,41.13,3,0
1069,South,Basic,1,49.33,2,0
1070,North,Basic,50,58.06,3,1
1071,South,Standard,62,43.78,2,0
1072,West,Basic,56,43.46,1,0
1073,North,Basic,31,17.03,1,0
1074,North,Basic,4,57.72,2,1
1075,North,Basic,35,35.47,0,1
1076,North,Standard,67,61.45,1,1
1077,East,Standard,6,71.7,1,0
1078,South,Basic,16,44.62,2,0
1079,East,Standard,60,29.58,2,0
1080,East,Basic,41,47.7,0,0
1081,South,Basic,13,54.28,1,0
1082,East,Standard,2,42.32,3,0
1083,North,Basic,30,37.85,0,0
1084,North,Standard,43,58.14,2,0
1085,North,Premium,60,56.96,2,0
1086,East,Standard,63,41.77,0,0
1087,South,Standard,33,18.23,0,0
1088,North,Basic,30,56.21,3,0
1089,South,Basic,67,34.19,2,0
1090,North,Basic,56,51.86,1,0
1091,East,Standard,15,50.72,2,0
1092,South,Premium,49,14.0,1,0
1093,South,Basic,51,49.46,0,0
1094,South,Basic,17,57.26,0,0
1095,East,Basic,70,59.47,1,0
1096,South,Standard,22,50.11,0,0
1097,North,Standard,40,12.41,1,0
1098,North,Standard,36,70.99,0,0
1099,West,Premium,50,55.4,0,0
1100,West,Basic,65,26.34,0,0
1101,East,Standard,28,33.82,2,0
1102,North,Standard,28,52.16,1,0
1103,West,Basic,54,60.24,0,0
1104,East,Premium,68,39.22,1,0
1105,East,Basic,65,62.86,1,0
1106,South,Standard,54,15.73,0,0
1107,North,Standard,50,29.24,3,0
1108,North,Premium,55,10.84,2,0
1109,West,Standard,67,31.85,2,1
1110,South,Basic,1,75.15,1,1
1111,North,Premium,42,85.04,1,1
1112,South,Standard,3,52.22,0,0
1113,South,Standard,41,36.51,2,0
1114,North,Standard,29,44.01,6,0
1115,West,Basic,22,56.52,1,0
1116,East,Standard,64,19.87,0,0
1117,East,Premium,51,37.7,1,0
1118,South,Basic,41,73.83,2,1
1119,East,Standard,63,29.18,1,1
1120,South,Premium,7,34.52,1,0
1121,East,Standard,46,48.24,0,1
1122,North,Premium,12,53.1,2,0
1123,South,Basic,17,36.75,1,0
1124,North,Premium,14,49.39,1,0
1125,South,Basic,39,58.94,2,1
1126,South,Standard,45,83.31,0,0
1127,North,Standard,54,45.73,1,0
1128,North,Standard,32,47.26,0,0
1129,South,Premium,67,75.49,1,0
1130,North,Standard,27,38.12,0,0
1131,West,Standard,12,24.16,4,0
1132,South,Basic,3,52.5,1,1
1133,South,Standard,10,67.37,1,1
1134,South,Standard,32,54.5,0,0
1135,North,Basic,30,46.25,0,0
1136,West,Standard,61,21.93,1,0
1137,South,Premium,9,46.95,3,0
1138,East,Standard,19,70.2,0,0
1139,North,Standard,70,25.79,2,0
1140,South,Basic,3,43.59,1,0
1141,South,Standard,31,41.03,1,0
1142,West,Basic,15,35.44,0,1
1143,South,Basic,38,52.46,1,0
1144,South,Standard,70,55.98,1,0
1145,North,Basic,17,55.79,2,0
1146,South,Basic,27,30.42,1,0
1147,South,Standard,32,18.37,1,0
1148,South,Basic,57,52.72,1,0
1149,North,Basic,70,38.89,1,0
1150,West,Basic,7,81.09,0,0
1151,West,Standard,35,81.92,1,0
1152,North,Basic,54,83.83,2,0
1153,South,Standard,1,31.08,3,0
1154,North,Standard,58,58.25,2,0
1155,East,Basic,18,63.68,0,0
1156,North,Premium,37,61.65,0,0
1157,East,Basic,70,41.62,1,0
1158,East,Standard,46,71.02,2,0
1159,East,Basic,71,48.01,0,0
1160,North,Standard,43,50.31,2,0
1161,West,Basic,15,20.32,0,0
1162,North,Premium,50,59.61,0,0
1163,North,Basic,44,43.31,1,0
1164,South,Standard,23,56.37,0,0
1165,South,Basic,6,52.23,0,1
1166,West,Basic,47,51.26,0,0
1167,East,Basic,41,47.18,1,1
1168,South,Standard,55,62.16,2,0
1169,West,Standard,9,44.42,2,0
1170,North,Premium,39,21.81,1,0
1171,South,Standard,59,58.24,2,0
1172,North,Premium,64,33.44,1,0
1173,West,Basic,67,24.16,0,0
1174,North,Standard,16,29.6,4,0
1175,North,Standard,13,53.1,2,1
1176,South,Standard,41,46.26,2,1
1177,West,Premium,33,9.61,3,0
1178,West,Standard,17,41.09,2,1
1179,East,Premium,8,69.05,5,0
1180,West,Standard,11,39.88,2,0
1181,West,Basic,25,45.02,0,0
1182,South,Standard,53,66.77,0,0
1183,South,Standard,5,62.32,1,0
1184,East,Premium,8,66.39,0,0
1185,East,Premium,19,8.0,0,0
1186,South,Basic,63,79.2,5,1
1187,North,Basic,71,59.46,0,0
1188,East,Basic,32,92.31,0,0
1189,North,Standard,4,33.92,0,0
1190,West,Basic,1,16.26,1,0
1191,North,Standard,61,48.13,2,0
1192,North,Standard,32,43.04,6,1
1193,West,Premium,6,59.77,0,0
1194,North,Basic,60,67.35,1,1
1195,North,Standard,38,46.43,0,0
1196,South,Basic,25,43.67,0,0
1197,West,Premium,33,57.41,0,0
1198,North,Basic,16,43.39,0,0
1199,South,Basic,67,41.88,0,0
1200,East,Basic,56,66.67,2,0
1201,West,Premium,15,70.68,1,1
1202,South,Basic,53,67.51,1,0
1203,North,Standard,13,44.97,0,0
1204,North,Standard,33,9.48,4,0
1205,North,Standard,54,45.33,2,0
1206,North,Basic,3,34.36,0,0
1207,East,Basic,52,45.66,2,0
1208,North,Basic,17,35.92,0,0
1209,South,Basic,50,47.63,0,0
1210,East,Standard,36,29.29,1,0
1211,South,Basic,2,24.95,1,0
1212,North,Basic,55,70.01,0,0
1213,East,Basic,19,30.55,0,0
1214,East,Standard,68,48.01,1,0
1215,East,Basic,60,65.18,1,1
1216,North,Standard,14,64.46,1,0
1217,North,Basic,43,62.31,1,0
1218,West,Premium,26,53.45,1,0
1219,South,Standard,43,61.03,4,0
1220,South,Basic,40,72.72,1,0
1221,South,Basic,22,55.65,0,0
1222,East,Basic,47,14.93,2,1
1223,West,Basic,19,38.49,5,1
1224,North,Basic,65,60.53,3,1
1225,West,Premium,68,36.71,0,0
1226,North,Standard,12,77.16,1,0
1227,South,Basic,52,46.86,1,0
1228,East,Standard,66,49.53,1,0
1229,North,Basic,10,68.25,1,1
1230,North,Premium,53,44.71,1,0
1231,South,Basic,67,51.17,3,0
1232,West,Standard,16,64.18,2,0
1233,South,Standard,42,21.5,1,0
1234,West,Basic,57,42.86,0,0
1235,East,Basic,24,62.92,2,1
1236,South,Basic,17,49.18,2,1
1237,East,Premium,29,74.41,0,0
1238,North,Standard,24,19.63,3,0
1239,North,Standard,52,17.58,1,0
1240,West,Standard,27,61.85,1,1
1241,East,Premium,27,63.58,3,0
1242,North,Standard,68,44.52,0,0
1243,South,Standard,42,55.21,1,0
1244,East,Standard,66,61.41,0,0
1245,West,Basic,51,33.35,0,0
1246,East,Premium,63,35.28,1,0
1247,South,Basic,14,51.42,1,0
1248,South,Basic,67,64.27,1,0
1249,South,Premium,68,27.01,2,0
1250,East,Basic,3,44.44,1,1
1251,West,Basic,26,43.6,1,0
1252,South,Basic,30,55.52,0,0
1253,North,Standard,30,47.84,1,1
1254,North,Premium,56,38.17,1,0
1255,East,Basic,50,70.47,1,1
1256,East,Basic,16,38.29,2,1
1257,North,Standard,44,42.74,4,1
1258,North,Premium,70,19.35,2,0
1259,South,Basic,32,35.15,4,1
1260,North,Premium,66,57.29,1,0
1261,West,Premium,47,53.77,2,0
1262,South,Basic,66,58.79,2,0
1263,North,Premium,65,57.92,3,0
1264,West,Standard,2,85.58,0,1
1265,North,Standard,57,34.54,0,0
1266,North,Basic,14,18.85,1,0
1267,North,Premium,59,29.09,2,0
1268,North,Standard,58,35.33,2,1
1269,North,Standard,19,30.46,1,0
1270,North,Premium,5,49.69,2,0
1271,North,Standard,30,70.55,1,0
1272,North,Premium,22,75.71,0,0
1273,South,Premium,40,57.08,2,0
1274,East,Basic,6,86.54,2,1
1275,South,Basic,4,41.59,3,1
1276,South,Basic,32,18.61,0,0
1277,South,Premium,55,66.96,2,1
1278,West,Basic,23,14.91,2,1
1279,West,Standard,23,34.41,2,1
1280,North,Basic,12,57.36,3,1
1281,North,Basic,21,46.16,1,0
1282,North,Standard,22,44.56,2,0
1283,North,Basic,19,26.75,0,0
1284,South,Premium,25,47.81,1,0
1285,South,Basic,21,66.07,2,0
1286,North,Premium,49,48.36,1,0
1287,South,Basic,24,33.06,1,0
1288,South,Premium,54,25.54,1,0
1289,North,Standard,43,33.43,0,0
1290,West,Basic,46,55.06,0,0
1291,North,Basic,42,54.18,1,0
1292,West,Basic,66,33.59,1,0
1293,North,Standard,19,8.21,0,0
1294,West,Premium,70,55.56,0,0
1295,West,Basic,15,31.84,1,1
1296,West,Basic,10,60.4,0,1
1297,East,Standard,59,34.39,1,0
1298,East,Standard,64,30.22,1,0
1299,East,Standard,7,50.76,1,1
1300,East,Standard,43,90.44,2,0
1301,North,Standard,37,61.48,1,0
1302,South,Premium,16,50.45,2,0
1303,South,Basic,37,54.46,1,0
1304,West,Basic,49,16.48,4,1
1305,South,Basic,41,27.8,1,0
1306,South,Standard,37,8.0,0,0
1307,East,Basic,63,79.14,2,1
1308,North,Premium,17,75.49,1,1
1309,North,Standard,45,55.07,0,0
1310,South,Standard,23,50.43,2,0
1311,South,Standard,70,20.07,0,0
1312,North,Basic,18,44.05,1,0
1313,South,Premium,62,80.26,1,0
1314,South,Basic,45,50.37,1,0
1315,South,Standard,16,37.84,0,0
1316,South,Premium,54,16.35,2,0
1317,East,Standard,18,72.85,1,1
1318,North,Premium,19,46.74,0,0
1319,West,Basic,25,16.38,1,0
1320,West,Premium,49,31.36,3,0
1321,South,Standard,28,25.0,0,0
1322,South,Standard,41,45.63,2,0
1323,South,Basic,40,51.73,2,0
1324,West,Basic,14,38.94,2,1
1325,East,Standard,17,61.99,0,0
1326,East,Basic,22,49.42,1,0
1327,South,Standard,16,67.12,0,0
1328,East,Premium,66,41.57,1,0
1329,North,Premium,28,102.82,1,0
1330,East,Basic,29,37.84,0,0
1331,North,Premium,48,31.74,0,0
1332,East,Basic,56,29.53,1,0
1333,West,Standard,49,44.2,0,0
1334,North,Premium,40,17.05,2,1
1335,East,Basic,70,53.3,0,0
1336,North,Basic,64,13.7,2,0
1337,East,Basic,15,50.91,0,0
1338,North,Standard,12,23.68,0,0
1339,West,Premium,28,41.14,1,1
1340,North,Basic,60,58.88,1,0
1341,West,Basic,69,89.47,0,1
1342,East,Standard,50,28.6,0,0
1343,South,Basic,49,45.29,0,0
1344,East,Standard,17,34.97,1,0
1345,East,Premium,43,32.34,1,0
1346,West,Standard,14,35.13,3,0
1347,North,Premium,39,62.83,1,0
1348,South,Standard,14,39.21,2,0
1349,North,Premium,6,88.49,1,1
1350,East,Basic,69,55.49,1,0
1351,North,Basic,64,29.82,0,0
1352,South,Standard,49,41.4,2,0
1353,South,Basic,45,33.57,2,0
1354,South,Premium,18,62.4,2,0
1355,South,Standard,41,18.5,2,0
1356,East,Premium,54,23.86,0,0
1357,East,Basic,39,37.35,0,0
1358,South,Standard,21,60.29,0,0
1359,South,Standard,28,70.2,2,0
1360,West,Basic,60,72.85,0,0
1361,North,Standard,19,57.54,1,0
1362,North,Standard,69,46.51,2,0
1363,North,Premium,54,62.3,1,0
1364,East,Standard,64,27.4,0,0
1365,South,Basic,37,14.8,1,0
1366,East,Standard,16,55.86,1,0
1367,East,Standard,3,29.9,0,0
1368,South,Basic,38,46.82,1,0
1369,West,Basic,29,50.15,2,0
1370,East,Basic,9,52.47,1,1
1371,North,Basic,66,64.88,0,0
1372,South,Standard,69,62.98,0,0
1373,South,Basic,27,51.51,1,1
1374,North,Standard,48,40.04,2,0
1375,North,Basic,30,49.94,0,0
1376,West,Standard,36,37.27,0,0
1377,South,Basic,45,44.46,1,0
1378,South,Premium,30,95.13,1,0
1379,East,Basic,57,51.28,1,0
1380,South,Standard,14,56.1,1,0
1381,West,Basic,48,35.3,3,0
1382,East,Basic,70,66.36,2,0
1383,South,Standard,61,61.68,2,0
1384,South,Premium,4,61.81,2,0
1385,West,Premium,9,51.87,0,0
1386,East,Basic,45,66.62,1,0
1387,West,Basic,66,70.89,0,0
1388,North,Standard,60,53.1,0,0
1389,West,Standard,65,45.94,1,0
1390,East,Basic,11,64.1,0,0
1391,North,Standard,37,31.73,0,0
1392,South,Standard,52,35.08,0,0
1393,East,Standard,45,47.04,3,0
1394,North,Basic,56,16.66,1,0
1395,South,Basic,16,62.9,3,1
1396,West,Basic,33,30.67,1,1
1397,North,Standard,32,39.51,1,0
1398,South,Basic,67,44.16,2,0
1399,South,Standard,15,48.71,0,0
1400,South,Standard,24,41.81,4,0
1401,West,Standard,2,46.79,1,0
1402,East,Basic,11,46.93,3,1
1403,North,Basic,70,39.95,0,0
1404,West,Standard,61,34.08,1,0
1405,West,Standard,19,67.47,2,1
1406,North,Premium,50,10.12,0,0
1407,West,Basic,43,44.3,1,0
1408,North,Premium,65,39.56,0,0
1409,West,Basic,22,55.54,0,0
1410,East,Basic,71,21.82,2,0
1411,East,Basic,27,39.0,0,0
1412,North,Standard,51,46.16,2,0
1413,West,Basic,29,67.26,0,0
1414,North,Basic,48,53.98,0,0
1415,North,Standard,24,26.7,2,0
1416,North,Standard,60,39.23,2,0
1417,East,Basic,46,63.95,0,0
1418,North,Basic,21,26.39,1,0
1419,West,Standard,69,46.58,4,1
1420,East,Basic,51,47.84,0,0
1421,North,Basic,31,41.06,1,1
1422,North,Standard,10,96.52,2,1
1423,North,Basic,70,40.57,0,0
1424,East,Standard,54,56.1,0,0
1425,East,Basic,48,34.21,1,0
1426,North,Basic,60,57.5,1,0
1427,West,Basic,44,63.67,1,1
1428,North,Basic,17,37.42,2,0
1429,East,Basic,17,47.02,1,0
1430,West,Basic,6,31.88,1,1
1431,East,Premium,5,27.4,1,0
1432,East,Premium,52,66.66,4,1
1433,West,Basic,61,38.03,5,0
1434,North,Standard,12,8.0,0,0
1435,North,Standard,41,79.78,2,0
1436,North,Premium,9,33.56,1,0
1437,South,Basic,30,43.57,2,0
1438,East,Basic,57,77.54,1,1
1439,East,Basic,58,45.45,1,0
1440,West,Basic,68,45.06,2,0
1441,North,Basic,23,25.89,2,0
1442,East,Premium,68,18.57,0,0
1443,North,Premium,56,45.01,1,0
1444,North,Basic,25,54.53,0,1
1445,East,Standard,24,53.5,1,0
1446,West,Basic,8,39.34,1,1
1447,East,Standard,66,48.36,1,0
1448,North,Standard,15,14.93,1,0
1449,East,Basic,20,56.28,1,0
1450,North,Premium,30,50.91,3,0
1451,West,Premium,10,83.53,2,0
1452,East,Standard,58,48.13,1,0
1453,North,Standard,50,31.03,1,0
1454,North,Standard,12,47.09,1,0
1455,North,Basic,12,42.1,1,1
1456,West,Basic,2,55.82,2,1
1457,South,Standard,68,48.48,2,0
1458,East,Basic,31,25.32,0,0
1459,East,Premium,47,18.56,1,0
1460,South,Basic,11,52.73,2,1
1461,North,Basic,17,72.9,0,0
1462,West,Basic,39,49.43,1,0
1463,South,Premium,15,62.64,2,0
1464,South,Basic,44,66.23,1,0
1465,East,Basic,66,52.8,0,0
1466,East,Basic,22,33.34,1,0
1467,West,Standard,44,51.52,0,0
1468,North,Premium,66,69.73,2,0
1469,South,Basic,64,57.54,1,0
1470,South,Premium,1,61.47,0,0
1471,South,Basic,8,39.67,1,0
1472,North,Standard,71,44.36,2,0
1473,North,Basic,66,45.86,1,0
1474,North,Standard,23,47.08,0,0
1475,South,Standard,37,69.02,2,1
1476,South,Standard,41,8.0,1,0
1477,East,Basic,48,48.55,2,1
1478,East,Premium,54,46.57,2,0
1479,South,Premium,27,23.31,1,0
1480,South,Standard,64,60.09,0,0
1481,North,Standard,5,34.96,0,0
1482,South,Standard,3,41.57,0,0
1483,South,Basic,69,81.28,1,1
1484,North,Premium,13,66.18,1,0
1485,South,Basic,71,58.34,0,0
1486,South,Standard,21,54.85,1,0
1487,North,Basic,26,45.04,1,0
1488,South,Basic,2,83.99,1,1
1489,South,Standard,68,62.44,1,0
1490,East,Standard,26,34.51,1,0
1491,East,Premium,12,22.8,0,0
1492,East,Premium,35,58.2,1,0
1493,South,Basic,11,46.99,2,0
1494,East,Basic,57,22.28,2,1
1495,South,Basic,6,55.71,0,0
1496,South,Standard,36,43.16,1,0
1497,East,Standard,28,57.55,0,0
1498,South,Premium,3,55.95,0,0
1499,South,Standard,4,37.05,0,0
1500,East,Basic,37,59.39,0,0
1501,West,Standard,29,39.04,0,0
1502,West,Standard,10,40.21,3,1
1503,South,Standard,10,38.42,0,0
1504,South,Basic,58,68.36,1,0
1505,East,Basic,52,42.95,1,0
1506,South,Basic,44,72.7,1,1
1507,West,Basic,60,80.1,3,1
1508,South,Standard,5,34.7,2,0
1509,North,Basic,49,8.0,2,0
1510,North,Standard,54,66.8,1,0
1511,West,Standard,15,41.84,1,0
1512,North,Premium,39,32.41,1,0
1513,North,Basic,55,37.4,2,0
1514,South,Basic,43,40.53,1,1
1515,North,Basic,18,71.35,0,0
1516,South,Basic,48,50.88,1,0
1517,East,Basic,54,71.1,3,0
1518,North,Standard,1,56.9,1,0
1519,West,Basic,41,42.43,3,1
1520,West,Basic,36,40.97,0,0
1521,South,Basic,27,58.11,2,0
1522,North,Standard,4,62.77,4,0
1523,East,Premium,6,65.94,1,0
1524,North,Standard,54,43.29,1,0
1525,South,Standard,59,51.15,1,0
1526,West,Standard,30,58.51,0,0
1527,West,Standard,67,41.09,0,0
1528,East,Basic,66,27.57,1,0
1529,South,Standard,48,33.49,0,0
1530,East,Standard,42,43.66,0,0
1531,East,Basic,69,59.92,0,0
1532,South,Standard,44,70.66,2,0
1533,East,Standard,67,23.59,0,0
1534,North,Standard,70,37.25,0,0
1535,North,Basic,14,41.56,1,0
1536,South,Standard,47,62.3,0,0
1537,North,Premium,52,38.49,0,0
1538,North,Basic,59,40.26,0,0
1539,West,Basic,25,22.58,1,0
1540,West,Basic,62,56.7,3,1
1541,South,Basic,35,45.09,4,1
1542,West,Premium,28,36.23,2,0
1543,West,Standard,12,43.33,0,0
1544,North,Basic,23,68.29,1,0
1545,South,Basic,70,29.91,1,0
1546,South,Premium,51,32.85,1,0
1547,North,Basic,52,70.54,3,0
1548,East,Standard,64,49.36,0,0
1549,South,Basic,19,60.06,0,0
1550,South,Basic,47,55.23,0,0
1551,North,Standard,27,47.36,1,0
1552,North,Basic,61,41.73,0,0
1553,West,Standard,30,62.97,1,0
1554,North,Basic,61,68.92,0,0
1555,North,Standard,54,67.52,1,0
1556,North,Standard,55,26.66,2,0
1557,South,Standard,66,71.49,2,0
1558,South,Basic,57,41.56,1,1
1559,South,Standard,23,34.41,2,0
1560,North,Premium,38,44.95,1,0
1561,North,Basic,34,62.96,2,0
1562,West,Basic,5,57.73,0,1
1563,East,Premium,43,43.4,1,0
1564,East,Basic,32,63.08,0,0
1565,East,Standard,28,50.52,0,0
1566,East,Standard,8,37.69,1,0
1567,North,Basic,36,35.26,2,1
1568,South,Standard,42,55.38,1,0
1569,South,Standard,8,46.51,0,0
1570,South,Basic,46,23.24,1,0
1571,West,Premium,12,63.25,2,0
1572,South,Basic,11,39.36,2,0
1573,East,Basic,29,76.66,2,1
1574,West,Premium,28,22.75,1,0
1575,South,Basic,65,44.75,0,0
1576,West,Premium,5,35.4,0,0
1577,South,Basic,25,30.44,3,0
1578,West,Standard,53,39.24,1,0
1579,South,Basic,18,79.87,0,0
1580,South,Standard,70,50.58,1,0
1581,South,Standard,53,33.75,2,0
1582,North,Premium,68,15.08,4,0
1583,South,Premium,68,17.02,0,0
1584,West,Standard,8,38.34,0,0
1585,East,Standard,33,36.59,1,0
1586,North,Standard,53,43.97,1,0
1587,South,Premium,1,8.0,1,0
1588,North,Standard,33,46.35,1,0
1589,North,Premium,49,66.5,1,0
1590,West,Basic,57,77.21,0,1
1591,South,Standard,30,13.9,0,0
1592,South,Standard,62,33.57,2,0
1593,South,Basic,48,32.62,1,0
1594,North,Basic,4,50.62,0,0
1595,North,Premium,20,26.04,1,0
1596,East,Basic,67,78.28,1,0
1597,East,Basic,1,48.78,2,1
1598,West,Basic,8,45.78,2,0
1599,East,Basic,25,76.67,1,0
1600,South,Standard,71,47.71,0,0
1601,East,Premium,51,55.21,1,0
1602,West,Premium,11,34.49,3,0
1603,East,Standard,28,23.33,0,0
1604,West,Standard,67,37.01,1,0
1605,East,Basic,16,87.37,4,1
1606,West,Premium,41,59.39,0,0
1607,North,Basic,33,52.94,2,0
1608,East,Basic,54,30.43,0,1
1609,South,Premium,54,64.4,1,0
1610,South,Premium,60,23.56,1,0
1611,East,Basic,9,19.79,1,0
1612,West,Standard,33,37.94,2,0
1613,West,Standard,50,83.18,4,1
1614,North,Basic,30,82.16,0,0
1615,East,Basic,48,39.88,1,0
1616,East,Basic,46,35.86,2,0
1617,South,Standard,27,18.47,0,0
1618,North,Basic,8,49.4,2,0
1619,North,Standard,69,50.92,1,0
1620,East,Basic,59,62.21,1,0
1621,South,Premium,64,64.39,1,0
1622,West,Standard,22,44.45,1,0
1623,South,Premium,23,58.01,1,0
1624,West,Basic,23,35.39,0,1
1625,South,Standard,3,57.67,2,1
1626,East,Premium,13,38.87,1,0
1627,North,Basic,22,56.27,2,1
1628,South,Basic,71,54.81,0,0
1629,East,Basic,15,49.24,1,0
1630,West,Basic,37,62.3,1,0
1631,West,Basic,39,19.73,0,0
1632,North,Basic,26,28.83,0,0
1633,South,Basic,66,43.14,0,0
1634,North,Standard,7,22.02,1,0
1635,North,Basic,62,40.68,2,0
1636,East,Basic,53,41.26,0,0
1637,East,Standard,22,71.57,1,0
1638,East,Basic,55,50.57,0,0
1639,West,Basic,31,66.53,0,0
1640,East,Basic,69,53.43,0,0
1641,East,Basic,3,38.36,1,1
1642,North,Standard,3,50.41,0,0
1643,North,Basic,39,61.13,1,0
1644,East,Basic,67,69.48,1,0
1645,West,Premium,5,45.62,2,0
1646,North,Premium,56,18.34,2,0
1647,South,Basic,67,17.08,2,0
1648,East,Basic,35,42.12,1,1
1649,North,Standard,62,8.0,2,0
1650,South,Premium,54,80.31,1,0
1651,West,Premium,16,58.74,3,0
1652,East,Basic,61,36.56,0,0
1653,North,Basic,50,28.03,0,0
1654,West,Basic,1,66.51,2,1
1655,South,Premium,41,27.95,0,0
1656,West,Premium,47,29.67,0,0
1657,North,Basic,57,34.21,1,0
1658,South,Standard,55,50.05,0,0
1659,South,Basic,34,59.17,1,1
1660,North,Standard,22,69.47,1,1
1661,West,Premium,14,66.81,0,0
1662,North,Standard,7,48.01,2,0
1663,North,Basic,46,66.37,2,1
1664,South,Standard,69,35.92,2,0
1665,East,Basic,6,15.22,2,1
1666,East,Premium,50,35.92,1,0
1667,West,Basic,42,33.49,2,0
1668,North,Premium,13,36.62,1,0
1669,South,Basic,16,30.73,2,0
1670,North,Basic,21,39.7,1,0
1671,South,Basic,49,59.16,3,1
1672,West,Basic,22,78.87,2,1
1673,East,Basic,59,16.94,2,0
1674,South,Standard,27,24.82,0,0
1675,South,Basic,8,33.75,1,1
1676,West,Basic,7,61.78,3,1
1677,South,Basic,29,44.31,2,0
1678,North,Basic,29,34.97,1,0
1679,South,Premium,53,60.9,0,0
1680,North,Premium,34,65.22,1,0
1681,North,Basic,12,47.66,2,0
1682,North,Standard,16,33.31,1,1
1683,South,Standard,41,52.87,1,0
1684,East,Premium,24,43.8,0,0
1685,South,Basic,48,43.66,0,0
1686,South,Basic,66,38.78,1,1
1687,West,Standard,26,64.65,2,1
1688,East,Premium,40,52.5,0,0
1689,South,Standard,60,66.64,0,0
1690,North,Standard,15,72.05,2,1
1691,West,Basic,37,56.26,1,1
1692,North,Standard,22,38.88,1,0
1693,South,Premium,45,66.73,0,0
1694,West,Basic,53,56.38,1,0
1695,South,Standard,11,94.86,1,0
1696,East,Basic,14,53.58,0,0
1697,South,Standard,2,60.56,1,0
1698,East,Standard,1,53.23,1,0
1699,North,Standard,4,46.22,0,0
1700,North,Premium,51,43.34,1,0
1701,South,Basic,65,53.3,1,0
1702,North,Basic,30,57.38,1,0
1703,West,Basic,63,68.78,0,0
1704,North,Basic,52,53.56,3,0
1705,South,Basic,58,39.67,0,0
1706,East,Basic,53,42.12,0,0
1707,East,Basic,15,24.19,2,1
1708,South,Basic,38,77.9,1,1
1709,South,Basic,38,38.26,1,0
1710,West,Standard,46,65.41,2,0
1711,East,Basic,57,52.98,2,0
1712,East,Standard,8,53.47,4,0
1713,West,Premium,48,45.89,1,0
1714,East,Standard,60,33.82,0,0
1715,North,Basic,9,30.57,1,0
1716,South,Basic,30,79.11,0,0
1717,North,Standard,64,50.05,1,0
1718,East,Standard,2,68.25,2,0
1719,West,Basic,12,72.93,0,0
1720,South,Basic,58,40.6,3,1
1721,South,Standard,13,55.62,0,1
1722,North,Basic,50,48.81,1,0
1723,West,Standard,64,27.17,4,1
1724,North,Basic,36,44.66,2,0
1725,North,Basic,35,58.58,3,1
1726,North,Premium,31,39.02,1,0
1727,North,Basic,27,42.15,0,0
1728,South,Standard,27,44.88,2,0
1729,South,Basic,40,86.01,0,1
1730,South,Basic,64,14.99,1,0
1731,North,Premium,70,57.03,3,1
1732,North,Basic,62,43.44,0,0
1733,South,Basic,9,36.47,1,0
1734,North,Premium,22,43.0,0,0
1735,East,Standard,54,60.01,1,0
1736,North,Standard,39,61.04,0,0
1737,South,Basic,24,51.35,1,0
1738,South,Basic,23,67.67,0,0
1739,South,Standard,9,70.84,2,0
1740,North,Basic,24,62.69,2,1
1741,North,Basic,30,38.17,1,0
1742,West,Standard,30,56.9,2,0
1743,North,Basic,39,56.99,2,1
1744,South,Basic,20,33.32,2,0
1745,South,Basic,15,19.75,0,0
1746,South,Basic,64,11.59,2,0
1747,South,Standard,29,49.26,2,0
1748,East,Premium,19,53.36,0,0
1749,West,Basic,46,26.73,2,0
1750,North,Basic,39,66.83,1,0
1751,South,Standard,41,50.74,3,0
1752,North,Basic,16,72.29,0,0
1753,South,Standard,52,54.67,3,1
1754,East,Premium,14,28.81,1,0
1755,North,Standard,60,56.25,3,0
1756,South,Basic,31,60.06,1,1
1757,West,Premium,30,38.14,1,0
1758,North,Basic,28,22.04,2,1
1759,South,Premium,31,49.81,0,1
1760,East,Standard,48,29.98,0,0
1761,North,Standard,36,68.18,2,0
1762,North,Premium,10,40.67,1,0
1763,North,Standard,41,79.04,2,1
1764,West,Basic,19,9.77,1,1
1765,North,Basic,8,50.43,0,1
1766,North,Standard,60,73.73,0,0
1767,North,Standard,23,31.97,1,0
1768,North,Basic,43,45.13,0,0
1769,East,Standard,13,40.75,2,1
1770,North,Standard,25,35.69,1,0
1771,South,Basic,28,52.4,0,0
1772,South,Basic,10,24.68,2,0
1773,West,Basic,70,46.0,1,1
1774,North,Basic,23,57.29,1,1
1775,West,Basic,42,44.13,2,1
1776,East,Basic,41,30.0,2,0
1777,North,Basic,31,66.54,0,0
1778,East,Basic,42,61.14,1,0
1779,West,Standard,41,29.26,0,0
1780,North,Basic,6,24.71,1,0
1781,West,Premium,48,30.87,1,0
1782,South,Premium,9,57.81,2,0
1783,East,Standard,31,52.96,2,0
1784,West,Premium,26,62.22,1,0
1785,South,Premium,32,42.13,0,0
1786,East,Basic,6,31.35,1,0
1787,South,Standard,50,64.54,3,0
1788,East,Basic,30,38.04,4,0
1789,East,Standard,5,51.36,0,0
1790,North,Standard,1,20.1,0,0
1791,South,Basic,39,37.74,2,0
1792,South,Basic,48,66.17,1,1
1793,North,Premium,39,35.11,2,0
1794,North,Basic,52,62.66,0,0
1795,South,Basic,54,8.0,2,0
1796,North,Basic,62,37.93,1,0
1797,North,Standard,70,44.92,1,0
1798,East,Premium,63,79.37,2,0
1799,East,Standard,57,26.96,0,0
1800,East,Basic,31,60.08,1,0
1801,South,Basic,36,67.02,2,0
1802,West,Basic,44,35.01,1,0
1803,South,Standard,13,41.28,3,0
1804,North,Premium,49,50.55,1,0
1805,North,Standard,42,21.33,0,0
1806,East,Basic,37,39.81,1,0
1807,North,Standard,60,70.97,0,0
1808,South,Basic,49,57.41,0,0
1809,West,Standard,67,45.18,2,0
1810,North,Standard,70,50.04,0,0
1811,North,Standard,59,58.46,2,0
1812,West,Standard,22,61.9,2,1
1813,South,Premium,14,37.98,2,0
1814,North,Basic,22,75.62,3,1
1815,West,Basic,51,71.69,0,1
1816,West,Basic,62,60.19,1,1
1817,South,Standard,63,32.83,2,0
1818,East,Standard,49,29.64,1,0
1819,North,Standard,49,42.12,5,0
1820,North,Standard,68,49.09,1,0
1821,South,Basic,49,16.17,1,0
1822,North,Standard,11,56.9,3,0
1823,East,Standard,36,71.17,0,0
1824,West,Basic,26,58.38,1,1
1825,North,Basic,46,35.83,1,0
1826,South,Basic,46,33.7,1,0
1827,North,Basic,21,53.4,2,1
1828,West,Standard,22,45.24,0,0
1829,North,Premium,7,55.97,0,0
1830,East,Standard,21,58.83,1,0
1831,South,Basic,59,67.65,0,0
1832,South,Standard,47,27.62,3,0
1833,East,Standard,67,51.99,1,0
1834,East,Basic,66,41.46,1,0
1835,South,Premium,61,46.22,2,0
1836,East,Basic,13,63.56,2,1
1837,West,Basic,24,65.52,1,0
1838,South,Basic,5,73.17,0,0
1839,South,Basic,7,55.66,1,0
1840,North,Premium,17,46.02,1,1
1841,East,Basic,20,43.45,2,0
1842,South,Basic,2,16.77,2,0
1843,South,Basic,60,72.12,0,0
1844,North,Basic,38,42.21,1,0
1845,West,Basic,47,57.11,0,0
1846,South,Basic,47,60.22,1,0
1847,East,Standard,69,25.58,0,0
1848,North,Basic,11,31.38,3,0
1849,West,Standard,25,75.85,1,0
1850,North,Basic,22,53.23,0,0
1851,North,Standard,40,37.55,1,0
1852,West,Premium,38,45.73,0,0
1853,West,Basic,57,67.55,0,1
1854,North,Basic,40,64.82,0,0
1855,South,Premium,17,21.61,0,0
1856,East,Standard,41,77.42,2,0
1857,West,Standard,69,65.39,1,0
1858,South,Basic,42,45.26,2,0
1859,South,Basic,43,26.55,1,0
1860,East,Standard,13,66.97,0,0
1861,East,Premium,1,56.58,2,0
1862,East,Basic,15,21.76,2,0
1863,South,Standard,2,43.82,1,0
1864,North,Standard,33,104.27,0,0
1865,West,Basic,63,48.3,1,0
1866,West,Basic,32,34.64,2,0
1867,East,Basic,46,29.85,2,0
1868,North,Basic,61,79.9,1,0
1869,North,Standard,55,63.26,1,0
1870,East,Basic,47,73.33,0,0
1871,North,Basic,56,52.47,1,0
1872,West,Standard,20,70.57,0,0
1873,South,Standard,30,32.73,0,0
1874,East,Standard,29,50.93,2,1
1875,West,Standard,57,53.17,1,1
1876,South,Basic,30,72.88,1,0
1877,South,Standard,67,53.74,1,0
1878,East,Basic,14,36.74,2,0
1879,South,Basic,13,49.15,2,1
1880,South,Basic,51,17.82,1,0
1881,East,Standard,55,8.0,0,0
1882,West,Standard,49,62.96,0,0
1883,South,Basic,22,41.25,2,0
1884,North,Premium,1,43.29,2,0
1885,South,Premium,23,62.96,1,0
1886,South,Basic,34,73.15,0,0
1887,North,Standard,30,57.62,1,0
1888,North,Basic,66,82.71,0,0
1889,East,Premium,62,57.05,3,0
1890,South,Basic,56,53.44,7,1
1891,West,Basic,2,52.33,3,1
1892,North,Basic,10,24.86,0,0
1893,North,Basic,31,65.21,0,0
1894,East,Standard,45,8.0,1,0
1895,West,Standard,49,37.45,0,0
1896,North,Basic,22,48.41,1,1
1897,North,Standard,8,33.78,2,0
1898,North,Premium,24,39.87,0,0
1899,South,Standard,57,81.11,2,0
1900,South,Standard,71,67.87,0,0
1901,North,Basic,67,35.66,3,1
1902,North,Basic,43,39.55,2,0
1903,South,Premium,7,25.01,4,1
1904,West,Standard,69,60.69,1,1
1905,East,Standard,11,43.5,1,0
1906,South,Premium,20,12.6,1,0
1907,North,Basic,70,49.81,0,0
1908,North,Standard,36,55.9,1,0
1909,North,Basic,15,65.34,0,0
1910,East,Basic,36,46.68,0,0
1911,West,Standard,6,41.29,1,0
1912,West,Basic,23,83.75,0,1
1913,West,Premium,68,48.12,1,0
1914,West,Basic,22,60.95,0,0
1915,West,Premium,64,38.29,1,0
1916,North,Standard,39,60.42,0,0
1917,North,Standard,47,21.8,0,0
1918,South,Premium,50,39.68,3,1
1919,South,Basic,40,26.25,1,0
1920,North,Basic,3,37.11,0,0
1921,West,Basic,66,70.51,1,1
1922,East,Basic,34,36.98,0,1
1923,South,Premium,47,60.93,1,0
1924,North,Standard,40,75.31,0,0
1925,North,Basic,47,47.5,1,0
1926,North,Basic,26,65.89,1,1
1927,West,Standard,60,57.56,2,0
1928,South,Standard,16,50.1,1,0
1929,East,Basic,47,61.51,1,0
1930,North,Standard,42,81.12,0,1
1931,South,Standard,36,36.53,0,0
1932,South,Standard,2,30.73,4,0
1933,East,Basic,28,29.68,2,1
1934,East,Standard,4,65.9,1,0
1935,North,Basic,36,68.33,3,1
1936,West,Basic,49,38.33,1,0
1937,North,Standard,38,9.55,0,0
1938,West,Standard,54,35.85,3,0
1939,North,Basic,26,57.86,1,0
1940,North,Premium,22,46.8,0,0
1941,West,Basic,32,51.25,1,1
1942,North,Standard,17,38.58,0,0
1943,South,Premium,57,66.25,1,0
1944,South,Standard,58,54.18,1,0
1945,North,Premium,30,58.56,0,0
1946,East,Standard,57,50.86,2,0
1947,West,Standard,2,57.44,0,0
1948,West,Standard,11,56.25,2,0
1949,South,Standard,21,31.29,0,0
1950,South,Basic,28,54.72,0,0
1951,North,Standard,17,62.25,0,0
1952,North,Basic,37,68.79,0,0
1953,North,Premium,57,55.49,0,0
1954,West,Basic,33,30.63,0,0
1955,West,Basic,32,33.4,1,0
1956,East,Premium,5,40.17,2,0
1957,South,Basic,20,51.41,3,0
1958,South,Basic,58,45.8,0,0
1959,South,Standard,58,27.77,1,0
1960,South,Basic,8,27.67,0,0
1961,South,Basic,2,10.23,0,0
1962,North,Standard,60,8.0,2,0
1963,North,Basic,13,45.63,2,0
1964,West,Basic,41,89.76,1,1
1965,South,Basic,59,80.34,3,1
1966,West,Basic,56,30.39,0,0
1967,North,Basic,40,50.7,3,1
1968,South,Basic,27,21.64,0,0
1969,North,Standard,55,24.38,0,0
1970,North,Standard,50,26.45,0,0
1971,North,Basic,60,43.94,3,1
1972,North,Basic,37,44.72,0,0
1973,West,Premium,67,52.55,0,0
1974,South,Standard,55,59.94,3,0
1975,East,Basic,5,41.94,1,0
1976,South,Standard,21,48.65,0,0
1977,South,Basic,57,28.31,0,0
1978,South,Premium,9,23.8,0,0
1979,North,Premium,51,21.02,1,0
1980,West,Premium,25,59.69,2,0
1981,East,Basic,15,41.92,1,1
1982,East,Basic,39,14.32,1,0
1983,South,Basic,67,46.86,2,0
1984,North,Basic,64,25.52,0,0
1985,West,Basic,29,77.89,2,0
1986,South,Standard,1,37.58,1,0
1987,North,Basic,64,60.27,1,0
1988,South,Premium,64,67.6,1,1
1989,East,Basic,43,30.81,2,0
1990,East,Basic,45,49.37,2,0
1991,East,Premium,38,57.96,1,0
1992,East,Standard,1,50.08,1,0
1993,North,Basic,12,54.5,2,1
1994,West,Standard,11,24.07,2,0
1995,South,Basic,65,57.97,4,1
1996,East,Basic,4,39.25,0,0
1997,North,Standard,40,54.29,1,0
1998,West,Basic,26,64.56,0,0
1999,North,Standard,1,60.04,1,0
2000,North,Basic,66,54.28,0,0
2001,South,Standard,2,59.56,1,0
2002,North,Standard,61,60.39,0,1
2003,North,Basic,56,74.92,0,0
2004,East,Basic,57,47.39,0,0
2005,South,Basic,12,50.95,1,0
2006,West,Standard,63,64.78,2,0
2007,South,Standard,43,39.17,2,0
2008,East,Standard,29,23.97,1,0
2009,South,Basic,49,56.88,1,1
2010,East,Basic,25,44.29,4,0
2011,South,Standard,20,26.26,1,0
2012,South,Basic,21,57.01,0,0
2013,West,Standard,41,73.76,0,0
2014,South,Basic,43,18.66,2,0
2015,North,Basic,18,66.4,2,1
2016,East,Standard,18,8.0,2,0
2017,West,Standard,68,40.79,1,0
2018,North,Standard,37,81.13,0,0
2019,South,Basic,62,42.09,1,1
2020,West,Premium,24,49.62,0,0
2021,East,Premium,21,61.73,0,0
2022,West,Premium,21,17.1,1,0
2023,South,Standard,38,49.3,1,0
2024,East,Standard,56,49.16,1,0
2025,South,Standard,36,81.52,1,0
2026,West,Basic,21,25.76,1,0
2027,South,Basic,69,41.13,2,0
2028,East,Standard,41,31.29,1,0
2029,South,Basic,28,29.38,6,1
2030,South,Basic,1,68.29,3,1
2031,East,Premium,40,48.48,1,0
2032,South,Basic,45,38.0,1,0
2033,West,Standard,66,38.68,1,0
2034,South,Standard,17,37.86,1,0
2035,East,Basic,12,39.47,1,0
2036,South,Premium,71,25.24,0,0
2037,South,Basic,40,43.34,0,0
2038,South,Premium,2,41.53,3,0
2039,North,Standard,8,34.36,0,0
2040,North,Basic,34,50.79,0,0
2041,East,Basic,44,52.32,2,1
2042,East,Basic,18,37.98,2,1
2043,East,Basic,26,45.41,0,0
2044,North,Basic,53,86.86,1,1
2045,South,Premium,69,86.17,3,1
2046,North,Basic,35,29.03,0,0
2047,East,Premium,30,31.54,1,0
2048,West,Basic,26,28.93,2,0
2049,North,Premium,10,67.03,1,0
2050,East,Basic,4,40.83,2,0
2051,North,Basic,60,52.31,0,0
2052,North,Standard,3,83.95,2,1
2053,North,Basic,59,47.81,0,1
2054,North,Premium,18,60.71,1,0
2055,East,Basic,50,57.37,1,0
2056,West,Standard,68,37.41,1,0
2057,North,Standard,54,67.06,3,0
2058,South,Standard,52,32.71,0,0
2059,East,Basic,19,72.12,0,0
2060,West,Basic,43,37.43,0,0
2061,East,Basic,46,39.4,2,0
2062,North,Basic,31,28.41,1,0
2063,East,Basic,3,31.36,1,0
2064,South,Premium,65,40.32,0,0
2065,West,Standard,14,8.0,1,0
2066,South,Standard,70,43.8,3,0
2067,East,Basic,67,38.86,1,1
2068,North,Basic,2,62.22,0,0
2069,South,Standard,53,55.61,1,0
2070,West,Basic,46,35.26,1,0
2071,East,Basic,17,39.75,1,0
2072,South,Standard,58,43.78,2,0
2073,West,Standard,8,74.75,0,0
2074,West,Premium,18,33.2,0,0
2075,South,Basic,68,35.04,1,0
2076,South,Standard,53,27.69,1,0
2077,South,Basic,8,21.32,3,1
2078,East,Basic,11,53.53,1,0
2079,South,Standard,19,51.65,1,0
2080,North,Basic,6,71.09,0,0
2081,West,Standard,13,66.75,3,1
2082,West,Basic,41,91.15,1,1
2083,West,Basic,1,46.67,0,0
2084,West,Premium,21,43.31,0,0
2085,East,Basic,23,24.6,0,0
2086,East,Standard,69,60.54,0,0
2087,East,Basic,70,50.13,1,0
2088,South,Premium,61,59.72,2,0
2089,South,Basic,25,27.5,1,0
2090,North,Basic,38,54.33,2,0
2091,East,Standard,36,51.69,0,0
2092,North,Basic,62,50.5,1,0
2093,North,Basic,53,35.7,1,0
2094,South,Premium,65,69.41,1,0
2095,South,Standard,40,84.91,0,1
2096,North,Standard,66,28.01,0,0
2097,East,Standard,53,60.97,0,0
2098,West,Premium,53,8.0,2,0
2099,North,Premium,47,60.03,1,0
2100,North,Standard,24,14.34,4,0
2101,South,Basic,44,38.55,0,0
2102,East,Basic,26,24.37,1,0
2103,West,Standard,47,44.12,0,0
2104,North,Premium,19,63.1,0,0
2105,East,Standard,57,14.57,3,0
2106,North,Basic,41,41.53,0,0
2107,South,Basic,51,38.76,1,0
2108,West,Standard,16,76.46,0,1
2109,North,Premium,57,55.77,3,0
2110,North,Basic,57,26.81,2,0
2111,South,Standard,11,39.52,3,1
2112,East,Standard,25,76.01,4,1
2113,West,Premium,49,60.86,1,1
2114,West,Basic,63,31.47,0,0
2115,North,Premium,53,43.19,2,0
2116,North,Standard,34,43.77,0,0
2117,East,Standard,22,38.32,3,0
2118,North,Basic,65,17.22,1,0
2119,West,Standard,63,35.8,0,1
2120,East,Standard,64,73.01,1,0
2121,North,Basic,22,41.14,1,0
2122,West,Basic,31,46.14,0,0
2123,North,Standard,18,50.53,1,0
2124,South,Standard,68,87.93,0,0
2125,South,Basic,62,48.16,0,0
2126,South,Basic,13,67.69,0,1
2127,East,Basic,18,37.23,1,1
2128,East,Premium,40,43.33,2,0
2129,West,Premium,30,48.23,1,1
2130,West,Basic,33,34.07,1,0
2131,South,Basic,27,44.33,1,1
2132,North,Basic,48,63.98,1,0
2133,East,Standard,64,33.59,0,0
2134,West,Premium,66,48.0,0,0
2135,South,Standard,33,60.76,0,0
2136,South,Basic,59,33.16,0,0
2137,South,Basic,50,67.72,1,0
2138,North,Basic,14,49.31,2,0
2139,East,Premium,57,45.03,0,0
2140,South,Standard,25,11.85,2,0
2141,East,Standard,45,41.27,0,0
2142,West,Basic,52,54.69,2,1
2143,West,Premium,68,79.42,3,0
2144,South,Basic,68,58.22,1,0
2145,South,Premium,57,68.27,1,0
2146,East,Premium,36,26.24,4,0
2147,East,Standard,29,45.72,0,0
2148,South,Premium,32,69.97,1,0
2149,West,Basic,68,32.02,0,0
2150,North,Standard,15,65.37,1,1
2151,West,Basic,38,61.2,0,0
2152,North,Standard,49,52.95,3,0
2153,North,Basic,2,42.08,2,1
2154,South,Basic,46,30.25,2,0
2155,North,Basic,19,79.96,0,1
2156,North,Basic,20,59.37,1,0
2157,North,Standard,45,54.13,0,0
2158,South,Standard,1,40.57,0,0
2159,East,Basic,12,48.68,1,0
2160,North,Premium,33,50.96,2,0
2161,East,Premium,42,55.2,2,1
2162,West,Basic,8,61.22,3,0
2163,North,Basic,26,33.92,2,0
2164,North,Standard,22,21.6,0,0
2165,West,Standard,38,49.52,1,0
2166,West,Basic,22,16.55,0,0
2167,South,Standard,1,42.17,0,0
2168,East,Basic,38,38.83,2,1
2169,North,Basic,61,56.85,0,0
2170,South,Standard,42,83.69,0,0
2171,East,Standard,26,13.0,0,0
2172,North,Premium,35,88.94,1,0
2173,East,Basic,10,43.8,1,0
2174,South,Basic,17,54.26,0,0
2175,East,Basic,32,22.53,1,0
2176,South,Basic,43,65.94,1,0
2177,South,Basic,35,48.75,1,1
2178,North,Standard,69,46.89,3,0
2179,North,Standard,46,13.13,2,0
2180,East,Standard,2,49.33,2,0
2181,North,Basic,38,63.22,1,0
2182,North,Basic,42,43.75,1,1
2183,North,Standard,4,69.14,0,0
2184,North,Basic,28,68.39,0,0
2185,West,Premium,62,36.46,0,0
2186,South,Basic,26,76.71,0,0
2187,West,Standard,33,48.82,0,0
2188,North,Premium,16,48.9,1,1
2189,East,Standard,6,49.78,2,0
2190,South,Standard,23,49.25,1,0
2191,South,Standard,55,8.0,1,0
2192,West,Basic,70,44.66,2,1
2193,West,Standard,47,23.45,1,0
2194,West,Premium,59,77.27,2,0
2195,North,Premium,47,76.55,2,0
2196,North,Basic,47,63.33,0,0
2197,East,Basic,31,43.71,1,0
2198,North,Standard,5,29.86,0,1
2199,East,Standard,30,36.16,1,0
2200,South,Basic,62,82.97,0,0
2201,South,Basic,39,35.54,1,0
2202,West,Basic,55,8.0,2,0
2203,East,Standard,4,66.54,2,0
2204,North,Basic,15,75.01,3,1
2205,North,Basic,22,77.87,1,1
2206,East,Basic,26,66.69,2,1
2207,South,Premium,71,69.63,2,0
2208,North,Basic,33,48.95,1,0
2209,South,Basic,48,10.63,1,0
2210,East,Standard,46,48.5,2,0
2211,West,Basic,30,59.19,2,1
2212,South,Premium,69,45.57,2,0
2213,South,Premium,16,44.74,2,0
2214,North,Basic,3,30.65,0,0
2215,South,Basic,53,29.97,2,0
2216,South,Basic,47,81.09,0,0
2217,South,Basic,19,81.74,0,0
2218,East,Basic,62,47.95,1,0
2219,North,Basic,12,53.07,1,1
2220,North,Basic,18,30.34,1,1
2221,North,Standard,11,59.57,1,0
2222,West,Basic,14,79.67,1,0
2223,East,Basic,52,20.47,1,0
2224,North,Standard,50,56.35,0,0
2225,West,Basic,46,57.7,1,1
2226,South,Basic,62,57.5,1,0
2227,South,Basic,5,77.57,0,1
2228,West,Basic,45,84.65,1,1
2229,North,Basic,9,43.8,0,0
2230,North,Premium,68,60.12,2,0
2231,South,Premium,46,49.52,0,0
2232,North,Basic,54,36.62,2,0
2233,East,Basic,41,52.87,2,0
2234,North,Standard,28,60.09,2,0
2235,North,Standard,49,51.9,4,0
2236,North,Basic,60,32.14,2,0
2237,South,Basic,13,39.66,1,1
2238,North,Basic,62,39.79,3,1
2239,North,Standard,52,32.84,1,0
2240,West,Basic,7,53.64,2,1
2241,South,Basic,67,55.53,0,0
2242,South,Basic,13,65.63,1,0
2243,North,Basic,43,32.56,3,1
2244,South,Standard,10,37.61,0,0
2245,North,Standard,14,75.98,2,0
2246,East,Standard,46,45.04,1,0
2247,North,Basic,49,48.54,0,0
2248,West,Basic,49,44.85,3,0
2249,West,Premium,25,68.39,2,0
2250,North,Standard,59,69.09,1,0
2251,North,Basic,4,68.04,0,0
2252,North,Basic,61,48.48,2,1
2253,East,Premium,22,32.3,0,0
2254,North,Standard,45,82.65,1,0
2255,West,Premium,65,63.41,1,0
2256,East,Standard,19,39.78,1,0
2257,East,Basic,30,73.63,2,1
2258,South,Basic,59,38.36,2,1
2259,West,Basic,62,73.39,1,0
2260,North,Standard,17,74.61,1,0
2261,South,Standard,37,31.41,1,0
2262,South,Basic,24,58.47,0,0
2263,West,Premium,37,62.08,1,0
2264,South,Basic,27,95.07,2,0
2265,East,Basic,1,34.64,1,0
2266,North,Basic,66,73.79,5,1
2267,West,Premium,46,48.31,1,0
2268,South,Premium,33,25.66,2,0
2269,South,Standard,8,45.84,3,0
2270,West,Premium,6,48.04,2,0
2271,South,Premium,34,28.94,2,0
2272,South,Premium,47,53.62,1,0
2273,South,Premium,19,65.24,3,0
2274,North,Basic,53,52.29,1,0
2275,South,Standard,28,38.25,1,0
2276,North,Standard,1,45.33,1,0
2277,North,Standard,39,47.92,2,0
2278,West,Basic,13,51.91,0,0
2279,South,Standard,2,67.98,0,0
2280,South,Premium,10,52.89,0,0
2281,South,Basic,21,22.75,1,0
2282,South,Premium,37,37.88,1,0
2283,East,Basic,71,50.99,2,1
2284,West,Basic,16,68.23,0,1
2285,West,Basic,5,71.36,1,0
2286,South,Standard,14,79.94,3,1
2287,South,Standard,23,50.35,0,0
2288,South,Basic,15,61.74,2,1
2289,South,Standard,23,21.82,1,0
2290,South,Basic,69,55.74,3,1
2291,East,Basic,27,28.65,2,0
2292,South,Premium,46,46.87,1,0
2293,South,Standard,49,102.54,0,0
2294,South,Standard,10,53.46,1,0
2295,South,Standard,18,32.45,0,0
2296,North,Premium,30,55.34,1,0
2297,North,Basic,33,38.69,1,0
2298,East,Basic,1,30.71,2,1
2299,South,Basic,46,85.86,1,0
2300,North,Standard,22,67.2,0,0
2301,South,Standard,23,54.22,1,0
2302,East,Standard,43,40.95,0,0
2303,North,Basic,68,42.41,4,0
2304,West,Basic,62,75.76,0,0
2305,West,Standard,70,53.52,0,0
2306,South,Premium,30,8.0,2,0
2307,East,Basic,9,91.58,0,1
2308,North,Basic,16,51.3,2,0
2309,West,Basic,25,54.18,2,1
2310,South,Basic,22,67.56,2,0
2311,West,Basic,15,56.38,1,0
2312,South,Basic,11,61.44,0,0
2313,North,Standard,14,40.37,0,0
2314,North,Basic,47,25.86,0,0
2315,East,Basic,35,53.04,0,1
2316,South,Basic,3,73.77,3,1
2317,North,Premium,41,36.34,2,0
2318,East,Basic,60,34.9,0,0
2319,West,Basic,31,69.98,0,0
2320,South,Basic,23,39.77,1,0
2321,South,Standard,20,40.61,1,0
2322,North,Premium,27,41.28,2,0
2323,East,Basic,20,46.83,2,1
2324,South,Basic,66,19.67,2,0
2325,West,Basic,71,38.29,4,1
2326,South,Standard,25,52.15,0,0
2327,South,Premium,66,52.02,0,0
2328,North,Basic,61,68.84,5,1
2329,North,Basic,6,81.11,0,0
2330,East,Standard,35,75.22,2,0
2331,South,Standard,47,64.46,2,0
2332,South,Basic,30,45.32,3,0
2333,West,Basic,33,36.78,1,1
2334,West,Basic,36,48.32,4,1
2335,West,Standard,49,58.54,1,0
2336,North,Standard,21,62.79,0,0
2337,South,Standard,43,59.22,4,0
2338,West,Premium,18,45.82,0,0
2339,South,Basic,64,62.16,0,0
2340,North,Basic,7,70.7,1,1
2341,East,Basic,5,63.84,0,1
2342,South,Premium,3,47.42,1,0
2343,South,Standard,25,32.99,1,0
2344,West,Basic,44,32.56,0,1
2345,East,Basic,70,35.74,2,0
2346,South,Standard,33,52.63,0,0
2347,South,Standard,13,57.36,2,0
2348,South,Standard,27,22.54,2,0
2349,North,Basic,10,38.93,0,0
2350,East,Premium,34,52.38,2,0
2351,West,Standard,52,31.81,2,0
2352,North,Standard,3,55.81,0,0
2353,South,Standard,56,42.47,0,0
2354,West,Premium,17,34.98,0,0
2355,North,Premium,48,48.96,3,0
2356,South,Standard,58,55.06,2,0
2357,South,Basic,56,32.73,1,0
2358,East,Basic,48,43.63,0,0
2359,North,Premium,50,56.42,0,0
2360,East,Standard,14,34.28,1,0
2361,South,Basic,10,18.16,0,0
2362,East,Basic,28,20.34,1,0
2363,North,Premium,44,40.48,3,0
2364,South,Premium,44,24.27,1,0
2365,South,Premium,56,41.74,1,0
2366,North,Basic,22,77.97,1,1
2367,North,Standard,62,23.19,0,0
2368,North,Premium,32,42.91,2,0
2369,South,Basic,18,86.38,0,0
2370,North,Basic,53,55.35,0,0
2371,West,Premium,10,41.38,2,0
2372,South,Basic,29,45.18,2,0
2373,East,Standard,56,55.73,1,0
2374,West,Standard,55,78.52,1,1
2375,North,Standard,19,38.44,1,0
2376,East,Basic,12,34.36,2,0
2377,West,Standard,3,23.18,2,0
2378,East,Basic,7,49.86,3,1
2379,South,Premium,59,22.7,0,0
2380,South,Basic,56,39.65,0,0
2381,North,Standard,36,31.64,0,0
2382,South,Standard,41,67.33,0,0
2383,West,Basic,24,38.85,1,1
2384,West,Basic,14,55.14,0,0
2385,North,Standard,1,19.13,0,0
2386,East,Basic,48,50.37,1,0
2387,South,Basic,3,26.34,0,0
2388,West,Standard,8,40.34,2,0
2389,North,Premium,57,87.8,1,0
2390,West,Standard,42,64.78,3,1
2391,West,Basic,35,45.69,1,1
2392,North,Premium,16,105.58,2,0
2393,North,Standard,11,31.53,2,0
2394,West,Basic,34,68.97,2,1
2395,North,Basic,26,20.41,3,1
2396,South,Basic,38,43.61,3,0
2397,West,Basic,12,23.74,2,0
2398,South,Standard,17,52.63,1,1
2399,South,Basic,9,49.01,2,0
2400,South,Standard,31,42.46,1,0
2401,North,Basic,20,67.66,2,1
2402,West,Basic,16,37.79,2,0
2403,South,Basic,40,53.88,0,0
2404,North,Standard,36,62.77,2,0
2405,North,Standard,15,21.3,1,0
2406,West,Basic,50,34.53,1,1
2407,North,Basic,25,48.97,0,0
2408,West,Basic,25,59.34,1,0
2409,East,Premium,34,73.58,1,0
2410,West,Basic,10,44.11,0,1
2411,West,Standard,30,42.3,2,0
2412,West,Basic,42,32.29,1,1
2413,West,Basic,10,53.94,1,0
2414,North,Standard,41,42.65,1,0
2415,East,Standard,3,43.07,3,1
2416,South,Basic,43,46.31,0,0
2417,South,Premium,3,57.93,0,0
2418,West,Basic,13,37.85,1,0
2419,West,Basic,25,34.1,1,0
2420,East,Basic,44,55.77,2,0
2421,South,Standard,52,8.0,4,1
2422,South,Standard,34,37.13,1,0
2423,South,Basic,10,27.28,2,0
2424,South,Premium,28,69.66,0,0
2425,South,Standard,56,40.06,1,0
2426,North,Premium,7,37.91,2,0
2427,North,Premium,51,47.12,0,0
2428,East,Premium,28,37.28,1,0
2429,South,Standard,1,40.75,3,0
2430,West,Basic,50,49.75,1,0
2431,East,Basic,2,40.4,1,0
2432,North,Standard,27,40.27,1,0
2433,North,Basic,14,29.82,0,0
2434,North,Standard,42,27.23,1,0
2435,West,Basic,4,49.09,0,0
2436,North,Premium,7,53.52,1,0
2437,South,Basic,38,22.29,0,0
2438,West,Premium,71,61.68,0,0
2439,West,Basic,3,61.75,0,1
2440,North,Basic,33,65.54,2,0
2441,North,Premium,57,53.4,2,0
2442,North,Premium,21,59.47,0,0
2443,North,Standard,36,87.33,1,0
2444,North,Premium,60,42.57,0,0
2445,South,Basic,52,29.18,2,0
2446,West,Premium,21,20.39,4,0
2447,South,Basic,54,79.6,1,1
2448,East,Standard,48,79.84,1,0
2449,North,Basic,36,31.36,1,1
2450,East,Basic,32,34.91,2,0
2451,East,Standard,66,42.17,0,0
2452,West,Standard,63,70.04,0,1
2453,West,Basic,71,24.83,1,0
2454,South,Premium,48,12.6,1,0
2455,North,Standard,26,87.02,2,0
2456,North,Basic,8,53.62,3,1
2457,South,Standard,9,56.18,0,0
2458,West,Basic,68,44.31,2,1
2459,South,Basic,26,56.38,0,1
2460,East,Standard,8,20.74,0,0
2461,South,Basic,16,32.86,1,0
2462,North,Basic,2,49.89,2,0
2463,South,Standard,38,8.0,0,0
2464,East,Basic,42,42.55,0,0
2465,East,Premium,27,41.45,1,0
2466,South,Standard,53,42.55,3,0
2467,North,Basic,35,38.08,1,0
2468,East,Standard,69,30.07,1,0
2469,North,Basic,55,15.2,1,1
2470,West,Standard,6,50.61,1,0
2471,North,Basic,20,42.6,0,1
2472,North,Premium,54,23.24,2,0
2473,South,Basic,39,49.13,0,0
2474,South,Standard,54,42.69,0,0
2475,South,Basic,24,39.7,2,0
2476,South,Basic,3,9.18,1,0
2477,West,Standard,56,60.29,1,0
2478,South,Standard,56,25.81,2,0
2479,South,Premium,46,49.14,1,0
2480,South,Basic,29,33.45,0,0
2481,North,Basic,1,41.0,2,1
2482,South,Basic,52,68.74,1,0
2483,North,Basic,47,57.57,2,0
2484,East,Premium,48,68.34,1,0
2485,North,Premium,13,53.95,0,0
2486,West,Premium,52,55.13,1,0
2487,South,Basic,52,15.94,0,0
2488,West,Basic,61,42.28,2,1
2489,South,Standard,41,43.95,0,0
2490,North,Basic,52,70.03,0,0
2491,West,Standard,29,38.89,0,0
2492,East,Basic,50,52.77,1,0
2493,East,Basic,50,52.06,3,1
2494,South,Premium,56,68.84,4,0
2495,East,Basic,61,45.59,0,0
2496,West,Premium,1,62.9,3,0
2497,East,Basic,56,17.31,0,0
2498,South,Basic,57,18.95,2,0
2499,East,Basic,39,8.0,2,0
2500,East,Basic,37,62.15,0,1
2501,West,Standard,52,60.13,2,0
2502,South,Basic,33,64.14,0,0
2503,South,Standard,30,35.81,0,0
2504,East,Premium,58,37.86,1,0
2505,South,Basic,57,45.82,0,0
2506,East,Basic,15,73.99,1,1
2507,South,Basic,59,78.49,3,1
2508,North,Standard,24,62.29,0,0
2509,East,Standard,10,53.96,1,0
2510,North,Basic,63,72.04,0,0
2511,North,Standard,17,43.39,1,0
2512,East,Standard,15,40.96,0,0
2513,East,Basic,20,45.68,1,1
2514,West,Basic,35,30.38,0,0
2515,North,Premium,12,44.85,0,0
2516,North,Basic,12,27.89,0,0
2517,West,Basic,28,66.45,1,0
2518,North,Basic,16,57.79,0,0
2519,North,Standard,14,73.73,3,0
2520,North,Basic,65,18.67,3,0
2521,South,Basic,43,82.23,0,0
2522,West,Basic,1,19.7,0,1
2523,East,Standard,8,26.43,1,0
2524,East,Basic,58,36.83,1,0
2525,North,Premium,20,71.54,1,0
2526,South,Basic,11,52.06,1,0
2527,South,Basic,48,43.61,2,1
2528,North,Premium,60,33.73,4,0
2529,North,Premium,29,23.23,3,0
2530,South,Basic,53,68.39,0,0
2531,North,Premium,30,62.38,0,0
2532,South,Standard,8,72.34,2,0
2533,East,Basic,57,55.14,2,0
2534,North,Premium,66,8.0,1,0
2535,South,Standard,70,25.6,2,0
2536,East,Basic,8,56.37,2,1
2537,East,Standard,41,41.35,2,0
2538,East,Basic,45,37.94,0,0
2539,South,Basic,6,28.14,0,0
2540,West,Premium,68,65.06,1,0
2541,North,Standard,8,56.21,0,0
2542,South,Standard,20,57.02,4,1
2543,North,Standard,69,36.6,0,0
2544,South,Standard,40,51.17,1,0
2545,South,Basic,49,23.92,0,0
2546,North,Premium,36,45.66,1,0
2547,East,Standard,54,8.0,1,0
2548,South,Standard,6,19.77,1,0
2549,North,Standard,48,42.2,0,0
2550,North,Basic,5,90.75,3,1
2551,South,Basic,13,15.59,1,0
2552,South,Basic,36,25.62,0,0
2553,South,Basic,32,51.9,0,1
2554,North,Standard,11,79.85,0,0
2555,East,Premium,57,51.64,0,0
2556,West,Basic,22,60.64,0,1
2557,South,Basic,62,41.92,2,0
2558,East,Standard,2,38.81,0,0
2559,West,Basic,17,49.48,1,0
2560,West,Premium,22,36.15,0,0
2561,East,Basic,43,61.04,3,0
2562,West,Basic,29,19.09,1,0
2563,West,Basic,12,64.02,1,1
2564,East,Premium,41,48.71,0,0
2565,South,Basic,69,44.14,0,0
2566,North,Standard,10,18.43,1,0
2567,North,Basic,18,30.36,0,0
2568,South,Basic,34,69.58,3,1
2569,South,Premium,52,44.25,0,0
2570,South,Basic,10,53.01,1,0
2571,South,Basic,17,32.17,1,0
2572,South,Standard,17,47.48,2,0
2573,West,Premium,44,23.3,1,0
2574,North,Basic,6,49.8,0,0
2575,North,Basic,47,54.67,1,0
2576,East,Premium,31,53.77,2,0
2577,West,Standard,24,31.74,2,0
2578,West,Premium,62,41.84,2,0
2579,West,Standard,59,57.67,0,1
2580,West,Standard,58,44.19,0,0
2581,South,Basic,63,42.83,2,1
2582,South,Basic,17,82.26,1,1
2583,North,Standard,61,30.88,2,0
2584,East,Standard,13,67.45,2,0
2585,West,Premium,24,27.22,1,0
2586,South,Standard,40,59.79,2,0
2587,South,Basic,53,60.75,0,0
2588,North,Standard,42,38.81,2,0
2589,North,Standard,40,26.09,1,0
2590,North,Basic,27,12.53,2,0
2591,North,Standard,43,36.93,1,0
2592,West,Standard,34,57.47,1,0
2593,South,Basic,34,28.6,1,0
2594,West,Standard,42,49.75,1,0
2595,East,Standard,43,21.42,1,0
2596,North,Premium,24,43.79,1,0
2597,North,Basic,10,27.35,1,1
2598,East,Standard,22,46.6,1,0
2599,North,Standard,30,38.98,2,0
2600,West,Standard,12,26.57,2,0
2601,North,Basic,13,36.14,2,0
2602,East,Premium,68,31.19,0,0
2603,East,Premium,20,24.35,0,0
2604,North,Standard,53,67.49,2,0
2605,North,Standard,10,41.52,3,0
2606,West,Basic,70,8.36,0,0
2607,North,Standard,16,36.78,1,0
2608,South,Basic,28,64.46,0,0
2609,South,Standard,56,34.3,0,0
2610,North,Basic,15,74.96,2,1
2611,East,Standard,40,32.58,1,0
2612,East,Basic,56,57.06,1,0
2613,South,Standard,2,66.66,0,0
2614,West,Standard,2,56.1,0,0
2615,North,Basic,56,23.26,2,0
2616,North,Basic,19,31.04,1,0
2617,South,Premium,65,69.06,3,0
2618,West,Standard,66,33.52,1,0
2619,North,Basic,63,65.56,1,0
2620,North,Basic,71,40.25,1,0
2621,South,Basic,59,50.55,0,0
2622,East,Standard,28,23.05,2,0
2623,North,Standard,71,37.05,2,0
2624,South,Basic,25,32.24,1,0
2625,East,Standard,42,52.06,0,0
2626,South,Standard,1,49.68,2,0
2627,North,Standard,69,56.33,0,0
2628,North,Basic,43,39.17,2,0
2629,South,Basic,68,31.26,1,1
2630,South,Basic,26,51.29,2,1
2631,West,Basic,23,29.47,2,1
2632,East,Basic,38,67.41,0,0
2633,East,Basic,62,45.94,1,0
2634,West,Basic,39,42.13,1,0
2635,South,Standard,57,56.32,0,0
2636,South,Basic,16,46.63,0,0
2637,West,Standard,56,18.16,0,0
2638,North,Basic,53,28.89,0,0
2639,East,Standard,64,67.04,2,1
2640,East,Basic,5,49.51,1,0
2641,North,Standard,28,17.73,0,0
2642,South,Standard,7,54.34,1,1
2643,North,Basic,29,37.93,1,0
2644,North,Standard,54,32.26,2,0
2645,South,Basic,46,27.39,1,0
2646,North,Standard,54,66.0,0,0
2647,East,Basic,53,12.62,0,0
2648,West,Basic,71,32.92,4,0
2649,East,Basic,63,50.16,4,0
2650,North,Premium,42,76.41,0,0
2651,North,Basic,63,57.97,3,0
2652,North,Standard,4,32.77,0,0
2653,North,Basic,52,75.53,4,0
2654,West,Basic,38,23.61,1,0
2655,South,Basic,68,52.78,0,1
2656,North,Premium,36,56.78,1,0
2657,West,Standard,13,32.14,2,0
2658,South,Basic,52,60.56,1,0
2659,North,Standard,68,38.75,1,0
2660,North,Basic,2,60.51,2,0
2661,East,Basic,5,14.89,0,0
2662,East,Standard,47,54.03,0,0
2663,North,Basic,40,40.58,1,0
2664,West,Basic,39,68.69,0,1
2665,West,Standard,7,47.21,1,0
2666,West,Basic,41,70.49,0,0
2667,North,Premium,41,57.14,1,0
2668,North,Standard,61,45.7,2,1
2669,West,Premium,28,62.18,1,0
2670,South,Standard,25,62.29,0,0
2671,East,Premium,6,56.49,1,0
2672,East,Basic,41,8.0,2,0
2673,North,Standard,47,30.31,2,0
2674,East,Standard,20,72.91,2,1
2675,West,Premium,52,25.39,1,0
2676,East,Basic,67,63.88,0,0
2677,South,Standard,13,60.72,1,0
2678,West,Standard,41,34.94,0,0
2679,South,Basic,50,12.09,0,0
2680,East,Premium,2,37.76,2,0
2681,West,Basic,13,85.4,1,0
2682,East,Basic,29,32.46,2,1
2683,North,Standard,10,33.7,2,0
2684,North,Basic,26,30.04,0,0
2685,North,Basic,11,69.87,1,0
2686,South,Basic,64,43.63,1,0
2687,South,Basic,43,36.73,3,1
2688,South,Standard,24,73.44,2,0
2689,South,Premium,56,58.43,1,0
2690,East,Standard,2,31.45,1,0
2691,West,Basic,43,25.98,1,0
2692,North,Standard,49,68.85,0,0
2693,East,Premium,58,48.3,1,0
2694,East,Standard,16,20.12,0,0
2695,South,Basic,42,15.9,1,0
2696,North,Basic,55,27.91,3,0
2697,East,Premium,57,25.69,0,0
2698,West,Premium,13,11.17,1,0
2699,East,Basic,70,28.21,2,0
2700,West,Premium,20,31.46,1,0
2701,West,Basic,28,39.67,1,1
2702,South,Basic,14,78.47,1,1
2703,East,Standard,11,43.2,2,1
2704,South,Standard,19,44.98,3,1
2705,West,Basic,10,57.17,1,0
2706,North,Premium,53,43.73,1,0
2707,South,Premium,43,55.2,1,0
2708,West,Basic,28,53.05,1,1
2709,North,Standard,39,50.21,0,0
2710,East,Standard,43,97.8,0,0
2711,South,Standard,14,64.4,1,1
2712,West,Premium,22,28.53,2,0
2713,West,Standard,63,54.66,0,0
2714,South,Basic,1,33.75,1,1
2715,East,Basic,68,56.03,0,0
2716,South,Premium,69,23.25,2,0
2717,East,Premium,18,28.06,1,0
2718,East,Basic,23,54.19,1,0
2719,West,Basic,15,65.96,1,1
2720,North,Standard,40,57.05,0,0
2721,North,Basic,16,63.37,0,0
2722,East,Basic,57,54.73,0,0
2723,South,Premium,28,51.1,1,0
2724,South,Premium,69,38.93,2,0
2725,North,Premium,61,62.63,1,0
2726,South,Standard,29,66.45,1,1
2727,West,Basic,43,46.86,1,1
2728,North,Premium,2,45.9,0,0
2729,South,Basic,5,76.65,0,1
2730,West,Basic,36,47.63,2,1
2731,North,Premium,34,49.36,1,0
2732,East,Standard,29,56.72,3,0
2733,North,Premium,7,46.24,1,0
2734,West,Basic,60,33.23,1,0
2735,East,Premium,29,54.8,1,1
2736,West,Standard,34,47.3,3,0
2737,North,Standard,29,81.16,2,0
2738,South,Premium,36,62.19,1,0
2739,East,Basic,47,37.28,1,1
2740,North,Standard,55,61.12,1,0
2741,North,Standard,40,53.54,2,0
2742,North,Standard,12,71.57,1,0
2743,West,Premium,63,38.56,1,0
2744,East,Standard,21,51.4,1,0
2745,East,Basic,2,46.22,0,1
2746,East,Basic,3,49.05,1,0
2747,South,Premium,55,32.07,2,0
2748,South,Premium,28,58.37,1,0
2749,South,Premium,2,55.52,1,0
2750,East,Basic,58,71.13,1,0
2751,North,Basic,22,47.82,2,0
2752,West,Standard,70,40.59,1,0
2753,East,Standard,63,62.21,0,0
2754,South,Basic,4,33.7,1,0
2755,South,Standard,50,67.53,1,0
2756,North,Basic,43,67.49,0,0
2757,West,Standard,13,70.63,1,0
2758,West,Basic,25,54.78,2,0
2759,West,Basic,35,39.24,3,0
2760,South,Basic,11,49.97,2,1
2761,North,Premium,52,54.84,0,0
2762,North,Standard,20,37.92,0,0
2763,North,Premium,67,72.0,4,0
2764,North,Standard,57,58.44,1,0
2765,North,Basic,46,31.94,0,0
2766,West,Basic,9,81.89,0,0
2767,North,Standard,2,49.75,1,0
2768,North,Basic,11,28.31,1,0
2769,West,Standard,36,33.06,0,0
2770,South,Premium,56,74.78,1,0
2771,East,Premium,11,80.85,1,0
2772,East,Basic,51,66.17,3,1
2773,West,Standard,4,71.75,0,0
2774,East,Basic,19,69.9,2,1
2775,South,Basic,43,58.02,0,1
2776,East,Standard,59,53.92,2,0
2777,South,Standard,56,57.72,1,0
2778,South,Standard,38,61.25,1,0
2779,South,Basic,3,34.65,1,0
2780,North,Premium,21,61.18,1,0
2781,East,Premium,56,74.26,2,0
2782,North,Standard,6,44.29,3,0
2783,North,Premium,51,42.36,2,0
2784,North,Basic,50,56.58,1,0
2785,West,Standard,54,36.31,1,0
2786,South,Premium,16,24.3,0,0
2787,East,Premium,18,68.66,4,0
2788,West,Premium,15,39.88,2,0
2789,North,Standard,28,48.33,1,0
2790,East,Premium,38,37.02,1,0
2791,South,Standard,9,70.98,1,0
2792,North,Basic,41,63.36,1,0
2793,East,Basic,17,43.67,1,0
2794,West,Standard,40,26.76,2,0
2795,North,Standard,22,41.76,0,0
2796,South,Standard,68,58.26,0,0
2797,North,Premium,23,51.4,2,0
2798,South,Standard,62,49.96,1,0
2799,East,Basic,13,51.81,3,1
2800,East,Basic,7,61.66,2,1
2801,East,Standard,14,47.25,3,1
2802,North,Standard,30,56.1,2,1
2803,East,Standard,65,30.24,2,0
2804,East,Standard,13,93.97,2,1
2805,East,Standard,56,42.89,0,0
2806,North,Standard,50,51.66,2,0
2807,South,Premium,25,58.2,6,0
2808,South,Basic,24,40.61,4,1
2809,North,Standard,68,48.14,0,0
2810,North,Standard,51,47.92,0,0
2811,South,Basic,17,31.55,0,0
2812,East,Standard,65,55.89,2,0
2813,North,Standard,29,18.31,0,0
2814,West,Standard,6,79.55,1,0
2815,South,Standard,58,62.27,0,0
2816,East,Basic,62,59.5,0,0
2817,South,Basic,32,16.74,2,0
2818,South,Basic,50,33.73,0,0
2819,East,Basic,17,73.01,0,0
2820,West,Standard,61,122.72,2,1
2821,South,Premium,27,69.5,3,0
2822,South,Standard,19,66.66,0,0
2823,East,Basic,36,57.45,0,0
2824,East,Basic,19,32.75,2,0
2825,North,Basic,45,65.91,0,0
2826,South,Standard,54,28.18,0,0
2827,South,Basic,29,26.21,2,1
2828,West,Standard,56,25.08,2,0
2829,South,Standard,31,65.56,1,1
2830,South,Standard,69,46.97,3,0
2831,West,Basic,19,49.82,0,0
2832,South,Basic,51,47.72,2,0
2833,North,Standard,39,27.74,1,0
2834,North,Standard,67,35.93,2,0
2835,North,Basic,16,36.83,2,1
2836,North,Premium,14,22.71,1,0
2837,South,Standard,62,38.92,2,0
2838,East,Standard,64,28.54,1,0
2839,East,Basic,54,58.4,0,0
2840,North,Basic,34,59.9,2,0
2841,South,Basic,30,24.71,1,0
2842,North,Basic,48,42.66,1,0
2843,West,Standard,54,81.41,0,0
2844,North,Standard,20,30.35,0,0
2845,East,Premium,1,55.68,0,0
2846,South,Premium,6,49.9,2,0
2847,East,Basic,25,67.67,1,0
2848,South,Basic,49,53.32,2,0
2849,East,Standard,32,40.24,1,0
2850,North,Premium,44,49.2,2,0
2851,West,Premium,34,49.46,2,0
2852,South,Basic,18,46.35,1,0
2853,East,Basic,54,24.26,2,0
2854,West,Basic,52,70.38,0,0
2855,West,Premium,69,67.2,6,1
2856,North,Standard,59,29.2,0,0
2857,North,Standard,27,42.59,2,0
2858,North,Standard,51,43.95,2,0
2859,North,Basic,25,27.18,1,0
2860,South,Standard,62,14.4,0,0
2861,West,Basic,44,35.93,0,0
2862,West,Standard,60,41.58,2,0
2863,South,Standard,20,22.06,1,0
2864,East,Standard,2,51.19,0,0
2865,West,Basic,11,68.93,1,1
2866,West,Premium,38,63.16,1,0
2867,North,Standard,69,45.72,1,0
2868,South,Basic,45,14.87,4,0
2869,West,Basic,58,60.88,0,0
2870,South,Standard,34,50.64,0,0
2871,South,Basic,69,55.64,0,0
2872,West,Basic,67,82.85,0,0
2873,West,Basic,16,33.15,1,1
2874,West,Basic,62,8.0,1,0
2875,East,Standard,2,29.04,1,0
2876,North,Standard,43,56.75,1,0
2877,South,Basic,32,48.48,0,0
2878,South,Standard,22,26.12,0,0
2879,South,Basic,67,22.45,2,0
2880,South,Basic,48,41.62,0,0
2881,East,Basic,10,25.57,0,0
2882,South,Standard,10,57.37,2,0
2883,East,Premium,9,40.59,0,0
2884,South,Standard,22,36.71,2,0
2885,South,Basic,5,34.35,1,0
2886,North,Basic,19,52.74,1,0
2887,North,Basic,55,48.77,1,0
2888,West,Premium,63,51.64,5,1
2889,South,Basic,56,51.24,0,1
2890,North,Premium,36,46.7,1,0
2891,East,Standard,50,29.4,0,0
2892,South,Standard,68,34.85,3,0
2893,North,Premium,4,40.9,4,0
2894,South,Basic,65,85.17,0,1
2895,North,Standard,52,23.72,4,1
2896,East,Basic,28,40.46,3,0
2897,North,Premium,32,49.77,0,0
2898,North,Standard,32,42.54,0,0
2899,North,Basic,12,67.33,2,1
2900,South,Premium,17,42.45,1,0
2901,North,Basic,21,43.78,2,0
2902,West,Basic,1,62.66,0,0
2903,North,Standard,36,80.59,1,1
2904,East,Standard,34,73.33,3,0
2905,South,Premium,24,45.54,0,0
2906,South,Standard,13,47.11,1,0
2907,North,Standard,69,48.84,1,0
2908,East,Basic,49,50.65,0,0
2909,West,Basic,34,32.75,1,1
2910,North,Premium,52,64.86,1,0
2911,North,Basic,27,51.72,0,0
2912,West,Standard,16,47.19,0,0
2913,South,Basic,48,25.12,0,0
2914,North,Basic,55,49.12,1,0
2915,North,Standard,47,13.92,1,0
2916,East,Standard,41,37.53,0,0
2917,East,Standard,1,37.86,0,0
2918,South,Premium,46,53.17,1,0
2919,West,Basic,44,81.84,0,1
2920,South,Standard,30,58.29,3,0
2921,South,Basic,18,74.07,1,0
2922,South,Standard,70,59.61,2,0
2923,South,Basic,27,68.25,2,0
2924,North,Standard,20,81.43,0,0
2925,North,Basic,51,34.83,1,1
2926,South,Premium,35,33.65,1,0
2927,East,Premium,40,60.04,1,0
2928,North,Premium,47,47.93,2,0
2929,South,Basic,27,51.97,2,1
2930,East,Premium,11,43.52,0,0
2931,East,Basic,12,37.27,1,0
2932,East,Basic,67,77.17,1,0
2933,East,Basic,36,28.2,0,0
2934,East,Basic,30,60.36,2,0
2935,North,Standard,23,57.44,1,0
2936,South,Basic,52,19.58,0,0
2937,East,Basic,65,33.05,0,0
2938,North,Standard,55,36.07,1,0
2939,North,Premium,38,58.16,1,0
2940,North,Standard,34,41.39,1,0
2941,South,Standard,62,46.46,0,0
2942,South,Basic,61,21.76,3,1
2943,North,Premium,28,89.87,1,0
2944,West,Basic,69,49.28,1,0
2945,West,Basic,59,56.98,1,1
2946,North,Basic,61,38.27,1,0
2947,West,Standard,5,36.25,1,0
2948,North,Basic,10,82.43,1,1
2949,West,Standard,22,13.5,0,0
2950,West,Basic,55,53.02,0,1
2951,North,Standard,6,26.19,1,0
2952,East,Standard,6,40.71,0,0
2953,West,Basic,3,36.51,0,0
2954,West,Basic,14,30.25,0,0
2955,West,Standard,66,48.64,2,0
2956,South,Standard,52,8.0,1,0
2957,North,Basic,51,42.32,1,0
2958,West,Standard,21,46.37,2,0
2959,East,Basic,45,23.53,1,0
2960,East,Basic,56,75.24,2,1
2961,South,Basic,38,37.3,1,0
2962,South,Standard,61,43.73,0,0
2963,North,Basic,41,37.34,1,1
2964,East,Standard,24,46.53,0,0
2965,North,Basic,46,71.55,2,1
2966,East,Standard,67,92.51,1,0
2967,West,Basic,59,61.42,1,1
2968,South,Standard,36,67.58,0,0
2969,South,Standard,43,78.9,0,0
2970,South,Basic,70,52.48,1,0
2971,West,Basic,54,76.26,0,0
2972,East,Standard,36,62.26,1,0
2973,South,Premium,20,50.59,2,0
2974,North,Premium,65,54.31,3,0
2975,North,Basic,70,15.21,1,0
2976,South,Standard,6,53.26,1,0
2977,West,Basic,3,20.21,0,0
2978,East,Basic,9,18.75,0,0
2979,North,Standard,28,51.47,0,0
2980,West,Standard,12,27.95,1,0
2981,South,Standard,63,47.87,1,0
2982,West,Premium,65,50.49,1,0
2983,North,Basic,13,51.29,2,0
2984,East,Standard,59,31.73,1,0
2985,West,Basic,11,64.18,0,0
2986,North,Basic,56,46.39,2,0
2987,East,Basic,26,55.94,2,0
2988,West,Premium,3,26.46,0,0
2989,North,Standard,31,44.79,1,0
2990,North,Basic,59,67.75,1,1
2991,East,Standard,67,65.46,0,0
2992,South,Premium,9,33.65,0,0
2993,North,Premium,60,38.18,0,0
2994,South,Standard,21,30.2,0,0
2995,East,Basic,33,36.18,0,0
2996,North,Standard,8,22.82,0,0
2997,South,Premium,70,45.51,2,0
2998,West,Premium,57,59.4,1,0
2999,South,Premium,46,33.87,2,0
3000,West,Standard,52,46.37,0,0
3001,South,Basic,63,44.03,1,1
3002,West,Standard,11,66.99,0,0
3003,East,Basic,18,36.99,2,1
3004,North,Basic,3,37.65,2,0
3005,West,Standard,35,32.77,2,0
3006,South,Standard,36,27.52,0,0
3007,North,Premium,3,57.53,0,0
3008,North,Standard,47,45.57,2,0
3009,East,Premium,1,48.99,1,0
3010,North,Standard,57,70.94,2,0
3011,North,Standard,51,71.98,0,0
3012,North,Basic,58,18.37,0,0
3013,South,Standard,9,59.66,1,0
3014,South,Basic,62,52.06,2,1
3015,South,Basic,39,39.69,2,0
3016,North,Basic,62,53.9,1,1
3017,North,Premium,50,16.93,0,0
3018,East,Standard,47,74.33,0,0
3019,South,Premium,3,57.27,1,0
3020,East,Premium,50,32.43,1,0
3021,North,Premium,32,37.46,2,0
3022,North,Basic,61,17.34,1,0
3023,North,Premium,49,42.35,0,0
3024,South,Premium,6,39.31,1,0
3025,South,Premium,64,24.15,2,0
3026,East,Basic,5,61.98,1,0
3027,South,Basic,22,70.98,1,0
3028,South,Premium,16,47.51,1,0
3029,South,Basic,70,42.5,3,1
3030,North,Basic,11,55.83,2,1
3031,South,Standard,60,47.65,2,1
3032,South,Basic,16,28.52,0,0
3033,South,Basic,47,36.25,1,0
3034,North,Premium,7,42.66,0,0
3035,East,Premium,28,52.47,1,0
3036,West,Premium,45,48.17,0,0
3037,North,Basic,51,51.79,2,0
3038,East,Basic,62,20.55,1,0
3039,East,Basic,58,59.97,1,0
3040,North,Standard,37,48.06,0,0
3041,East,Basic,22,93.95,5,1
3042,East,Standard,19,41.02,0,0
3043,West,Premium,71,53.82,2,1
3044,West,Standard,44,98.93,1,1
3045,North,Basic,65,51.49,2,0
3046,South,Basic,31,46.78,0,0
3047,South,Basic,35,30.24,0,0
3048,North,Basic,59,75.51,2,0
3049,South,Standard,52,27.14,2,0
3050,West,Basic,15,55.69,1,1
3051,North,Standard,38,39.48,3,0
3052,South,Premium,16,44.59,1,0
3053,West,Basic,55,22.37,1,0
3054,South,Basic,3,72.18,1,0
3055,South,Basic,59,43.0,1,0
3056,West,Basic,66,26.13,1,0
3057,South,Standard,2,70.55,0,0
3058,North,Premium,45,38.93,1,0
3059,North,Premium,6,54.02,1,0
3060,West,Standard,26,63.15,1,0
3061,North,Basic,24,56.53,2,0
3062,South,Basic,37,8.46,1,0
3063,North,Basic,66,60.52,1,0
3064,South,Basic,33,46.19,2,1
3065,West,Premium,29,42.08,0,0
3066,South,Standard,7,46.04,2,0
3067,West,Basic,64,19.02,2,0
3068,North,Basic,23,51.46,1,0
3069,South,Basic,33,23.44,3,0
3070,West,Premium,7,42.85,1,0
3071,South,Basic,21,50.81,1,0
3072,North,Basic,40,67.33,1,1
3073,West,Basic,64,33.25,0,0
3074,South,Premium,24,74.13,0,0
3075,South,Standard,40,65.04,1,1
3076,West,Standard,63,40.27,2,0
3077,North,Basic,26,28.04,1,0
3078,South,Basic,21,22.01,0,0
3079,North,Premium,4,52.89,0,0
3080,South,Basic,65,34.73,2,0
3081,North,Basic,8,69.59,3,1
3082,East,Standard,16,35.77,2,0
3083,North,Basic,10,31.79,1,0
3084,East,Basic,51,52.21,2,1
3085,North,Premium,26,35.65,0,0
3086,South,Standard,51,48.15,3,0
3087,South,Basic,44,65.75,0,1
3088,East,Basic,2,50.11,0,0
3089,South,Standard,22,50.18,1,1
3090,South,Basic,1,51.69,1,0
3091,West,Basic,5,17.52,0,0
3092,South,Standard,34,55.05,2,1
3093,North,Standard,19,50.88,0,0
3094,West,Premium,7,64.07,2,0
3095,South,Basic,30,58.9,1,1
3096,North,Basic,33,44.36,2,1
3097,South,Standard,71,66.58,1,0
3098,North,Standard,47,42.73,1,0
3099,North,Basic,28,52.45,0,0
3100,East,Standard,34,42.4,1,1
3101,North,Basic,7,56.31,2,0
3102,East,Premium,28,41.22,0,0
3103,West,Premium,42,77.66,0,0
3104,East,Basic,2,84.31,0,0
3105,East,Premium,66,63.73,0,0
3106,East,Premium,37,75.74,0,0
3107,West,Basic,56,20.29,0,1
3108,South,Basic,20,22.42,1,0
3109,North,Standard,60,42.21,0,0
3110,South,Basic,27,48.74,0,1
3111,South,Basic,66,44.43,0,1
3112,North,Basic,38,18.44,0,0
3113,East,Premium,46,68.73,0,0
3114,North,Basic,15,86.78,2,1
3115,West,Standard,71,71.06,0,0
3116,North,Basic,14,67.54,1,0
3117,North,Basic,3,52.07,0,0
3118,North,Premium,32,32.83,4,0
3119,North,Basic,60,49.31,1,0
3120,North,Basic,66,85.9,2,1
3121,North,Basic,61,41.66,0,0
3122,North,Standard,40,39.81,1,0
3123,North,Basic,66,67.93,1,0
3124,South,Basic,35,69.13,1,0
3125,South,Basic,34,32.74,1,0
3126,South,Basic,13,43.29,0,0
3127,South,Basic,56,38.97,1,0
3128,North,Standard,23,49.25,0,0
3129,North,Basic,14,67.87,1,0
3130,North,Basic,27,33.53,2,0
3131,East,Standard,43,67.61,4,0
3132,West,Standard,20,49.83,1,0
3133,West,Basic,26,89.87,0,0
3134,South,Basic,24,53.74,1,1
3135,South,Basic,43,46.26,1,0
3136,South,Premium,51,58.34,1,0
3137,East,Basic,48,41.93,0,1
3138,East,Basic,11,15.69,0,0
3139,West,Basic,25,43.67,3,1
3140,West,Basic,47,43.39,3,0
3141,South,Basic,16,19.34,1,0
3142,East,Basic,5,46.69,1,1
3143,East,Standard,23,10.79,2,0
3144,South,Standard,49,41.74,1,0
3145,West,Standard,48,52.38,2,1
3146,North,Standard,10,49.75,2,0
3147,West,Basic,49,40.6,2,1
3148,East,Premium,14,46.46,1,0
3149,North,Standard,53,33.89,3,0
3150,East,Premium,41,48.19,0,0
3151,North,Standard,9,49.05,2,0
3152,East,Basic,25,31.8,0,0
3153,East,Basic,59,52.82,2,1
3154,East,Basic,31,52.71,0,0
3155,West,Basic,49,45.01,0,0
3156,North,Standard,54,91.58,1,0
3157,North,Basic,3,45.47,2,0
3158,South,Basic,67,42.97,1,0
3159,North,Premium,24,40.4,1,0
3160,South,Standard,57,30.52,2,0
3161,North,Standard,34,60.35,0,0
3162,South,Basic,41,35.65,1,0
3163,South,Standard,26,37.78,0,0
3164,West,Premium,61,38.31,3,0
3165,North,Standard,9,30.27,0,0
3166,West,Standard,64,16.48,1,0
3167,South,Standard,15,39.67,2,0
3168,South,Basic,63,63.72,0,0
3169,South,Standard,2,51.55,0,0
3170,South,Premium,1,76.09,4,0
3171,North,Basic,7,61.52,2,1
3172,South,Basic,39,57.43,1,1
3173,North,Basic,19,81.89,1,0
3174,South,Basic,43,46.25,3,1
3175,South,Premium,59,49.14,0,0
3176,South,Standard,2,47.79,1,0
3177,West,Basic,38,75.79,0,1
3178,North,Basic,53,48.05,1,0
3179,West,Basic,31,36.33,2,1
3180,East,Basic,66,58.58,2,0
3181,West,Standard,48,33.31,0,0
3182,West,Premium,3,57.6,1,0
3183,North,Standard,39,55.45,2,0
3184,South,Basic,28,44.59,0,0
3185,North,Standard,10,58.18,1,1
3186,East,Standard,68,21.22,0,0
3187,South,Basic,16,50.93,0,0
3188,North,Standard,6,39.67,0,0
3189,West,Standard,16,99.52,1,1
3190,North,Premium,59,50.8,1,0
3191,South,Basic,43,37.26,1,0
3192,East,Basic,59,23.19,0,0
3193,North,Standard,33,71.5,3,0
3194,South,Basic,9,41.7,1,0
3195,East,Basic,28,33.76,1,0
3196,North,Standard,15,54.05,1,0
3197,South,Basic,40,59.69,0,0
3198,North,Standard,20,59.41,0,0
3199,East,Premium,69,48.36,0,0
3200,North,Standard,27,50.87,2,0
3201,West,Standard,23,52.18,0,0
3202,West,Standard,70,54.06,0,0
3203,North,Basic,37,55.65,0,0
3204,South,Basic,13,67.7,1,1
3205,South,Standard,35,49.02,4,1
3206,East,Basic,19,33.3,1,0
3207,South,Basic,51,45.4,1,0
3208,North,Basic,41,61.57,1,1
3209,North,Premium,52,15.84,1,0
3210,West,Basic,67,15.95,0,0
3211,South,Standard,52,64.53,0,0
3212,West,Basic,25,75.36,1,0
3213,South,Standard,15,25.23,2,0
3214,West,Basic,38,49.81,3,1
3215,North,Basic,32,40.81,1,0
3216,North,Standard,23,43.31,3,0
3217,West,Standard,58,53.5,2,1
3218,West,Basic,65,24.73,2,0
3219,South,Basic,28,28.07,0,0
3220,South,Basic,49,42.58,1,0
3221,South,Basic,70,45.38,1,0
3222,South,Standard,1,27.73,2,0
3223,North,Basic,26,62.21,2,1
3224,West,Standard,53,40.48,1,0
3225,North,Basic,36,40.41,1,0
3226,East,Standard,57,53.09,2,0
3227,North,Basic,34,45.68,1,1
3228,North,Standard,5,63.07,0,0
3229,East,Basic,31,31.2,3,0
3230,South,Premium,29,22.85,0,0
3231,East,Standard,61,42.42,0,0
3232,North,Premium,11,49.08,1,0
3233,West,Basic,12,25.67,2,0
3234,East,Basic,11,23.02,2,1
3235,West,Basic,41,51.28,2,0
3236,North,Basic,71,34.36,3,0
3237,South,Standard,44,21.85,0,0
3238,South,Premium,58,65.38,1,0
3239,South,Standard,61,36.63,0,0
3240,North,Standard,43,68.7,1,1
3241,North,Basic,44,48.51,2,0
3242,South,Basic,18,53.31,1,1
3243,North,Standard,69,44.19,0,0
3244,South,Basic,56,8.0,1,0
3245,North,Basic,62,27.54,1,0
3246,North,Premium,70,45.74,1,0
3247,East,Premium,25,54.57,1,0
3248,South,Standard,11,15.79,1,0
3249,South,Basic,62,47.04,2,0
3250,South,Premium,34,27.8,2,0
3251,East,Basic,69,52.22,2,0
3252,South,Basic,50,47.65,4,1
3253,South,Basic,19,61.38,0,0
3254,West,Premium,26,67.2,2,0
3255,South,Premium,44,56.26,0,0
3256,West,Standard,28,63.49,0,0
3257,East,Basic,21,41.69,0,1
3258,North,Standard,15,98.82,1,1
3259,South,Basic,47,26.06,2,1
3260,East,Premium,3,38.5,1,0
3261,West,Basic,7,64.22,1,1
3262,South,Basic,4,61.55,0,0
3263,North,Standard,53,56.77,2,0
3264,South,Standard,3,60.16,1,1
3265,North,Premium,30,10.5,0,0
3266,East,Basic,9,76.61,0,1
3267,South,Premium,42,44.33,3,0
3268,East,Basic,3,70.43,2,0
3269,West,Basic,2,11.4,3,1
3270,East,Standard,30,52.62,1,1
3271,East,Basic,50,37.86,2,0
3272,East,Standard,8,58.3,0,0
3273,West,Basic,36,53.71,1,0
3274,West,Basic,58,54.59,2,0
3275,North,Standard,45,28.94,3,0
3276,South,Basic,54,46.97,1,0
3277,North,Standard,23,44.76,2,0
3278,West,Standard,67,56.92,0,0
3279,East,Basic,11,65.81,1,0
3280,South,Standard,43,50.71,0,0
3281,North,Basic,31,25.03,0,1
3282,South,Basic,3,49.94,1,0
3283,East,Basic,68,95.0,3,1
3284,North,Premium,50,77.63,1,0
3285,North,Standard,17,8.0,1,0
3286,West,Standard,4,49.14,0,0
3287,East,Premium,48,64.78,0,0
3288,North,Basic,39,44.72,1,0
3289,North,Premium,4,39.72,0,0
3290,West,Standard,71,43.19,1,0
3291,East,Premium,51,57.94,1,0
3292,East,Premium,33,27.33,1,0
3293,South,Premium,17,69.4,0,0
3294,North,Basic,20,46.99,2,1
3295,North,Standard,33,31.17,1,0
3296,East,Premium,5,68.24,0,0
3297,North,Standard,27,20.19,1,1
3298,North,Basic,16,38.01,2,1
3299,East,Premium,9,37.71,2,0
3300,West,Basic,9,86.59,2,1
3301,East,Standard,25,35.67,2,0
3302,South,Standard,28,9.21,3,0
3303,South,Basic,25,37.53,0,0
3304,South,Standard,49,56.2,1,1
3305,South,Basic,38,62.11,2,0
3306,South,Standard,14,88.98,0,0
3307,South,Premium,70,73.32,1,0
3308,South,Basic,52,51.38,0,0
3309,West,Standard,34,31.95,0,0
3310,West,Basic,4,77.23,0,0
3311,North,Premium,65,41.37,2,0
3312,South,Premium,53,36.15,2,0
3313,North,Basic,33,40.49,0,0
3314,South,Standard,12,25.46,0,0
3315,North,Standard,8,39.63,0,0
3316,North,Standard,21,43.8,3,0
3317,East,Standard,17,61.15,3,0
3318,South,Standard,15,41.01,0,0
3319,West,Standard,29,25.19,2,0
3320,North,Basic,4,19.13,0,0
3321,North,Basic,24,51.77,1,0
3322,South,Premium,62,49.31,0,0
3323,North,Basic,62,38.02,2,0
3324,North,Standard,1,39.59,0,0
3325,West,Basic,49,54.99,1,0
3326,North,Premium,71,73.03,0,0
3327,North,Standard,42,33.96,2,1
3328,South,Basic,28,49.6,1,0
3329,South,Basic,35,65.25,0,0
3330,South,Basic,16,34.03,1,0
3331,South,Premium,29,47.72,2,1
3332,West,Standard,67,47.32,2,1
3333,North,Standard,44,24.4,3,1
3334,South,Standard,31,51.03,4,0
3335,East,Basic,9,48.57,0,0
3336,West,Basic,65,57.99,1,1
3337,South,Basic,12,26.64,0,0
3338,South,Basic,52,48.18,1,0
3339,North,Standard,22,72.87,0,0
3340,North,Premium,20,85.39,1,0
3341,North,Premium,13,71.04,1,0
3342,East,Premium,27,26.81,1,0
3343,North,Standard,49,56.12,0,0
3344,East,Basic,30,39.3,2,1
3345,North,Standard,2,53.11,0,0
3346,West,Premium,19,34.1,1,0
3347,West,Standard,12,17.16,1,0
3348,North,Standard,29,41.8,1,0
3349,North,Standard,65,61.01,0,0
3350,North,Standard,69,53.18,0,0
3351,West,Premium,71,55.25,1,0
3352,North,Standard,8,51.89,1,1
3353,South,Basic,35,55.28,0,0
3354,South,Basic,4,57.53,2,0
3355,East,Standard,36,43.06,0,0
3356,South,Basic,41,49.49,0,0
3357,South,Premium,55,79.38,1,0
3358,West,Standard,24,50.56,1,0
3359,North,Standard,3,48.77,0,0
3360,West,Basic,33,49.85,1,0
3361,North,Standard,31,44.08,1,0
3362,South,Standard,45,40.16,0,0
3363,West,Basic,8,51.76,0,0
3364,East,Premium,44,38.9,1,0
3365,East,Basic,29,45.38,0,0
3366,North,Basic,53,33.77,1,0
3367,South,Basic,70,49.94,0,0
3368,South,Standard,17,58.52,0,0
3369,South,Standard,54,44.19,1,1
3370,South,Premium,10,11.85,3,0
3371,South,Basic,70,58.63,3,0
3372,South,Premium,35,50.16,3,1
3373,North,Standard,53,30.12,3,0
3374,South,Basic,56,61.92,1,0
3375,North,Basic,44,22.83,0,0
3376,West,Basic,28,66.82,1,1
3377,East,Premium,54,46.97,0,1
3378,North,Basic,34,8.0,4,1
3379,East,Standard,47,51.21,0,0
3380,West,Standard,44,40.69,1,0
3381,North,Premium,33,37.98,1,0
3382,North,Standard,9,34.72,0,0
3383,North,Standard,21,45.71,2,0
3384,North,Basic,67,39.27,2,1
3385,East,Premium,37,14.58,2,0
3386,West,Basic,46,70.9,0,0
3387,North,Basic,19,43.6,1,0
3388,East,Premium,51,34.83,1,0
3389,North,Basic,35,27.69,1,0
3390,South,Basic,16,61.87,2,0
3391,East,Standard,11,24.63,2,1
3392,South,Basic,29,50.41,3,1
3393,North,Basic,41,37.49,2,0
3394,South,Standard,20,38.54,3,0
3395,West,Standard,18,28.14,2,0
3396,North,Standard,20,36.83,2,1
3397,North,Basic,21,48.16,1,1
3398,North,Standard,53,52.24,1,0
3399,South,Premium,36,33.86,1,0
3400,South,Basic,34,46.36,2,1
3401,East,Basic,12,63.99,2,1
3402,East,Basic,39,18.07,4,0
3403,West,Standard,69,47.89,0,0
3404,East,Basic,53,30.89,0,0
3405,North,Standard,32,29.05,1,0
3406,South,Premium,22,52.7,0,0
3407,North,Basic,26,38.19,1,1
3408,South,Standard,2,26.1,1,0
3409,West,Basic,3,71.84,0,1
3410,East,Basic,56,64.56,2,1
3411,West,Standard,60,13.22,2,0
3412,South,Basic,69,21.46,1,0
3413,South,Premium,45,58.68,1,0
3414,South,Standard,66,42.87,3,0
3415,North,Basic,30,75.01,1,1
3416,North,Basic,19,59.09,0,0
3417,South,Basic,18,53.39,2,0
3418,North,Premium,17,29.61,1,0
3419,West,Standard,53,56.85,1,1
3420,North,Basic,1,25.04,0,0
3421,North,Standard,68,71.49,0,0
3422,East,Standard,56,55.6,0,0
3423,North,Standard,28,33.15,2,0
3424,West,Basic,50,62.48,1,1
3425,East,Basic,10,88.35,1,0
3426,North,Basic,31,44.08,0,0
3427,East,Basic,8,57.91,3,1
3428,East,Standard,8,40.23,0,0
3429,East,Basic,1,49.54,0,1
3430,West,Basic,57,20.87,0,0
3431,East,Basic,53,47.99,1,0
3432,South,Basic,64,48.78,0,0
3433,South,Premium,70,80.38,0,0
3434,East,Standard,69,15.69,0,0
3435,West,Basic,71,42.94,1,0
3436,South,Standard,2,71.19,1,0
3437,East,Basic,56,43.65,2,0
3438,South,Premium,52,44.92,0,0
3439,East,Standard,12,33.0,2,0
3440,West,Standard,10,31.21,0,0
3441,North,Premium,70,15.13,0,0
3442,North,Premium,63,36.67,0,0
3443,South,Premium,24,30.19,2,0
3444,South,Basic,6,50.12,0,0
3445,South,Basic,24,33.82,0,0
3446,North,Standard,1,39.37,0,0
3447,South,Standard,49,39.86,1,0
3448,South,Standard,27,47.13,6,0
3449,South,Standard,4,38.49,0,0
3450,East,Basic,70,28.89,0,0
3451,East,Basic,59,49.54,2,0
3452,East,Standard,65,67.21,3,1
3453,East,Basic,71,50.31,0,0
3454,East,Standard,2,37.02,1,0
3455,South,Standard,56,45.78,1,0
3456,East,Standard,56,11.09,0,0
3457,North,Standard,56,45.49,1,0
3458,North,Standard,19,40.79,2,0
3459,South,Standard,28,31.2,1,0
3460,West,Basic,66,34.46,0,0
3461,East,Standard,5,40.62,4,0
3462,North,Standard,46,65.86,1,0
3463,South,Basic,57,67.66,4,1
3464,North,Standard,57,31.29,1,0
3465,East,Premium,43,38.67,2,0
3466,West,Basic,55,39.13,1,0
3467,South,Standard,65,62.57,2,0
3468,South,Premium,55,50.62,0,0
3469,South,Premium,9,49.67,1,0
3470,South,Basic,18,57.65,1,0
3471,West,Standard,22,37.26,0,0
3472,East,Premium,25,72.55,0,0
3473,South,Standard,26,47.97,4,0
3474,South,Basic,16,32.59,0,0
3475,North,Basic,49,43.87,0,0
3476,North,Standard,8,70.17,1,0
3477,North,Basic,56,40.35,3,0
3478,South,Basic,47,65.09,3,1
3479,West,Basic,69,36.74,1,0
3480,South,Standard,1,34.22,3,0
3481,North,Standard,21,59.87,2,0
3482,North,Premium,64,32.27,0,0
3483,South,Standard,36,62.81,2,0
3484,East,Premium,40,54.33,0,0
3485,South,Premium,3,32.28,0,0
3486,East,Basic,55,46.71,0,0
3487,East,Standard,18,38.12,0,0
3488,North,Basic,69,54.28,1,0
3489,East,Premium,27,81.98,1,0
3490,West,Basic,14,41.33,1,0
3491,South,Standard,43,57.61,2,0
3492,North,Premium,34,48.44,3,0
3493,West,Basic,34,48.43,2,1
3494,West,Premium,68,45.03,3,0
3495,South,Basic,26,32.57,1,1
3496,South,Basic,29,54.03,0,1
3497,North,Standard,45,42.8,1,0
3498,East,Basic,13,31.71,0,0
3499,South,Standard,59,66.26,1,0
3500,North,Premium,17,49.78,4,0
3501,East,Basic,18,43.89,0,1
3502,West,Standard,1,72.12,2,0
3503,West,Premium,25,14.95,1,0
3504,North,Standard,42,70.91,2,0
3505,North,Basic,51,32.16,3,0
3506,West,Premium,64,51.81,0,0
3507,West,Basic,56,37.41,0,0
3508,South,Standard,23,31.39,0,0
3509,East,Standard,59,71.65,0,0
3510,South,Standard,14,81.41,1,0
3511,South,Basic,15,44.02,0,0
3512,North,Basic,26,54.04,1,1
3513,North,Standard,39,49.03,0,0
3514,North,Basic,15,79.15,3,1
3515,West,Standard,64,9.96,1,1
3516,North,Standard,20,54.79,2,0
3517,North,Standard,28,34.91,2,0
3518,South,Basic,43,8.0,0,0
3519,North,Basic,31,41.51,2,1
3520,North,Premium,29,81.26,0,0
3521,South,Basic,70,36.19,1,0
3522,South,Basic,31,62.23,2,0
3523,East,Basic,9,69.58,1,0
3524,West,Basic,52,47.77,1,1
3525,North,Premium,51,50.17,0,0
3526,West,Basic,16,17.11,2,0
3527,West,Basic,61,35.11,0,0
3528,West,Standard,28,64.33,2,1
3529,East,Basic,11,49.09,2,1
3530,East,Basic,13,54.61,3,1
3531,East,Premium,51,50.4,2,0
3532,East,Standard,16,87.46,0,0
3533,North,Basic,34,40.25,0,0
3534,West,Basic,53,76.9,2,1
3535,South,Basic,61,50.4,1,0
3536,East,Basic,35,78.5,2,1
3537,South,Standard,65,25.95,3,0
3538,North,Standard,22,51.32,2,1
3539,South,Standard,62,40.91,1,0
3540,South,Premium,18,50.51,1,0
3541,South,Basic,5,70.0,1,0
3542,South,Premium,52,54.82,0,0
3543,North,Standard,54,69.97,0,0
3544,South,Basic,66,35.94,0,0
3545,South,Premium,66,33.19,2,0
3546,West,Basic,8,48.29,1,0
3547,North,Standard,45,47.3,2,0
3548,South,Standard,51,44.65,0,0
3549,North,Basic,43,30.74,2,0
3550,South,Premium,2,69.58,0,0
3551,South,Basic,4,41.47,2,1
3552,East,Premium,48,73.67,3,1
3553,West,Basic,61,48.23,0,1
3554,North,Basic,13,59.67,1,0
3555,East,Basic,4,58.04,2,0
3556,North,Premium,29,33.16,0,0
3557,North,Basic,23,54.61,2,1
3558,South,Premium,70,82.71,1,0
3559,North,Basic,66,52.53,1,0
3560,East,Standard,40,64.22,1,0
3561,East,Basic,68,60.48,0,0
3562,East,Basic,17,53.53,0,0
3563,South,Premium,71,51.36,0,0
3564,East,Basic,32,57.85,2,1
3565,South,Standard,34,61.74,0,0
3566,North,Standard,4,23.66,1,0
3567,North,Standard,13,52.45,1,1
3568,East,Standard,14,44.69,2,0
3569,West,Premium,35,40.95,5,0
3570,North,Standard,14,71.33,1,0
3571,South,Standard,8,34.8,2,0
3572,East,Standard,43,22.89,0,0
3573,West,Standard,62,62.32,0,0
3574,South,Basic,5,22.43,1,0
3575,East,Standard,40,13.3,0,0
3576,East,Basic,69,64.35,0,0
3577,West,Standard,29,50.86,1,0
3578,North,Premium,13,56.51,0,0
3579,West,Premium,6,40.04,0,0
3580,North,Premium,67,23.08,1,0
3581,West,Standard,29,26.66,1,0
3582,North,Standard,8,43.1,0,0
3583,North,Basic,62,25.1,2,0
3584,North,Standard,57,53.53,0,0
3585,South,Basic,50,39.68,1,0
3586,South,Basic,6,51.33,3,1
3587,North,Premium,6,50.79,0,0
3588,South,Premium,16,54.96,3,0
3589,South,Standard,12,56.99,0,0
3590,East,Basic,38,41.81,0,0
3591,West,Standard,28,51.31,2,0
3592,East,Basic,55,52.25,0,0
3593,North,Premium,8,8.0,0,0
3594,North,Premium,52,59.64,2,1
3595,West,Basic,67,50.7,2,1
3596,North,Basic,10,58.15,1,0
3597,South,Basic,47,24.84,0,0
3598,West,Basic,37,42.32,0,1
3599,West,Basic,7,28.35,2,1
3600,South,Basic,21,61.4,3,0
3601,East,Basic,56,22.71,0,0
3602,South,Basic,62,31.28,4,0
3603,East,Basic,27,57.62,1,0
3604,North,Standard,8,36.67,1,0
3605,North,Basic,18,31.29,0,0
3606,East,Premium,60,64.32,0,0
3607,North,Basic,41,65.06,2,0
3608,East,Basic,31,61.0,1,0
3609,South,Basic,1,63.28,1,1
3610,West,Standard,56,43.83,2,0
3611,East,Basic,34,44.32,2,0
3612,South,Standard,39,36.33,1,0
3613,East,Basic,60,51.02,2,0
3614,North,Premium,40,38.5,1,0
3615,South,Basic,66,40.2,0,0
3616,North,Basic,40,58.8,1,0
3617,West,Premium,25,69.32,1,0
3618,West,Basic,66,55.17,0,0
3619,West,Basic,46,80.3,0,0
3620,West,Premium,54,35.3,1,0
3621,West,Basic,17,14.92,1,1
3622,North,Basic,48,60.86,2,0
3623,West,Basic,40,34.11,0,0
3624,South,Basic,8,43.07,0,0
3625,South,Premium,19,16.14,2,0
3626,South,Standard,65,31.81,1,1
3627,South,Standard,41,20.96,1,0
3628,North,Basic,55,40.18,0,0
3629,North,Standard,13,40.9,1,0
3630,North,Standard,16,49.62,2,0
3631,South,Basic,67,70.32,1,0
3632,West,Premium,30,60.18,1,0
3633,East,Standard,63,18.8,0,0
3634,South,Standard,58,58.94,1,0
3635,South,Basic,24,50.01,2,1
3636,South,Basic,68,46.24,1,1
3637,North,Standard,56,47.59,2,0
3638,West,Standard,10,51.68,1,0
3639,North,Basic,7,35.55,0,0
3640,East,Basic,9,44.72,1,0
3641,East,Premium,53,69.31,0,0
3642,South,Basic,11,35.33,0,0
3643,West,Basic,21,29.46,3,0
3644,North,Standard,31,46.89,2,0
3645,West,Basic,10,27.65,1,0
3646,East,Basic,24,16.99,2,0
3647,East,Basic,49,41.8,0,0
3648,East,Premium,70,74.08,2,0
3649,West,Basic,34,47.31,0,0
3650,West,Standard,54,51.21,3,1
3651,South,Premium,38,9.66,1,0
3652,East,Standard,34,55.89,0,0
3653,East,Standard,37,49.68,1,0
3654,South,Standard,69,36.03,0,0
3655,West,Basic,5,51.24,0,1
3656,South,Standard,37,51.06,0,0
3657,South,Premium,4,28.93,2,0
3658,North,Standard,63,53.97,0,0
3659,North,Basic,43,69.55,1,0
3660,West,Basic,4,43.9,1,0
3661,South,Premium,45,32.38,2,0
3662,South,Basic,31,44.8,0,0
3663,North,Premium,4,63.38,0,0
3664,South,Basic,70,25.93,2,0
3665,East,Standard,27,58.41,1,0
3666,West,Premium,2,35.8,2,0
3667,North,Standard,44,52.36,1,0
3668,South,Basic,27,37.84,1,0
3669,South,Premium,47,37.79,0,0
3670,East,Basic,12,75.42,0,0
3671,South,Basic,59,22.64,1,0
3672,South,Standard,30,56.74,0,0
3673,South,Basic,30,79.16,0,0
3674,South,Standard,58,60.34,0,0
3675,South,Basic,39,24.04,0,0
3676,South,Basic,1,24.93,0,0
3677,East,Premium,42,34.47,0,0
3678,East,Basic,46,50.84,2,0
3679,South,Standard,23,52.07,0,0
3680,East,Standard,13,25.11,0,0
3681,West,Premium,4,32.29,1,0
3682,North,Standard,61,33.39,2,0
3683,South,Premium,1,44.75,0,0
3684,North,Basic,42,83.72,2,1
3685,East,Basic,60,31.2,1,0
3686,North,Premium,26,30.41,1,0
3687,East,Premium,15,27.6,1,0
3688,North,Standard,51,59.44,1,0
3689,South,Standard,45,47.26,2,1
3690,West,Standard,2,31.87,1,0
3691,South,Basic,41,41.47,1,0
3692,West,Premium,1,33.75,1,0
3693,West,Premium,29,53.33,2,0
3694,West,Standard,22,96.32,1,1
3695,North,Basic,60,57.92,0,0
3696,East,Basic,70,46.33,1,0
3697,North,Basic,50,36.03,2,1
3698,South,Standard,53,23.82,0,0
3699,West,Standard,2,61.21,1,0
3700,East,Basic,5,60.23,2,1
3701,South,Standard,56,39.61,1,0
3702,South,Premium,31,69.84,3,0
3703,East,Basic,36,48.38,3,0
3704,East,Standard,50,61.95,1,0
3705,South,Standard,25,53.33,0,0
3706,West,Basic,49,44.81,4,1
3707,North,Standard,52,30.81,3,0
3708,North,Standard,18,45.38,2,0
3709,East,Basic,49,63.16,1,1
3710,West,Basic,13,38.85,0,1
3711,North,Premium,23,55.92,3,0
3712,North,Basic,56,28.51,0,0
3713,North,Standard,70,62.04,4,0
3714,West,Standard,5,53.63,1,0
3715,North,Premium,47,26.36,2,0
3716,South,Standard,41,43.97,2,0
3717,West,Premium,44,64.77,0,0
3718,North,Standard,56,25.34,3,0
3719,South,Basic,5,28.72,1,0
3720,South,Basic,53,46.75,0,1
3721,East,Basic,20,86.4,0,1
3722,South,Basic,11,35.89,1,0
3723,South,Basic,32,56.91,0,0
3724,North,Basic,2,52.68,0,0
3725,East,Basic,45,37.39,1,0
3726,East,Basic,41,50.9,0,0
3727,North,Basic,37,39.94,3,0
3728,South,Standard,3,41.56,3,0
3729,West,Standard,55,18.1,0,0
3730,North,Premium,3,47.56,0,0
3731,North,Standard,19,64.18,0,0
3732,South,Premium,29,49.03,2,0
3733,South,Standard,50,67.63,2,0
3734,North,Basic,29,58.45,0,0
3735,South,Premium,58,46.93,1,0
3736,North,Basic,67,36.7,0,0
3737,South,Standard,55,39.25,1,0
3738,East,Standard,3,21.53,1,0
3739,South,Basic,55,43.19,1,0
3740,North,Standard,15,50.63,1,0
3741,West,Basic,64,78.88,1,0
3742,North,Basic,70,57.51,3,0
3743,East,Basic,6,32.43,2,0
3744,South,Basic,8,22.09,3,0
3745,East,Basic,50,44.28,0,0
3746,North,Standard,11,62.61,0,0
3747,North,Standard,69,44.03,2,0
3748,South,Standard,39,57.76,0,0
3749,North,Standard,41,44.74,1,0
3750,North,Basic,62,60.91,2,0
3751,East,Basic,16,19.25,1,0
3752,West,Standard,40,76.88,2,0
3753,North,Premium,71,27.98,1,0
3754,West,Basic,2,62.29,2,1
3755,East,Basic,13,43.1,3,0
3756,West,Standard,11,45.92,0,0
3757,East,Premium,24,43.66,0,0
3758,East,Basic,10,52.6,2,1
3759,South,Basic,13,56.24,2,0
3760,East,Basic,61,67.05,2,0
3761,West,Standard,33,73.34,1,0
3762,North,Premium,26,53.97,4,1
3763,South,Standard,30,78.85,1,0
3764,North,Basic,69,49.67,0,0
3765,West,Standard,35,67.39,1,0
3766,South,Premium,34,55.72,0,0
3767,East,Standard,66,38.11,2,0
3768,West,Premium,3,51.26,1,0
3769,West,Basic,34,57.06,2,1
3770,North,Basic,54,47.42,1,0
3771,East,Standard,37,55.43,0,0
3772,West,Standard,62,63.58,1,0
3773,North,Premium,63,47.58,3,0
3774,East,Standard,24,8.0,1,0
3775,South,Basic,59,78.21,2,1
3776,East,Basic,18,42.64,0,1
3777,South,Standard,18,33.18,1,0
3778,North,Basic,70,27.77,2,1
3779,North,Standard,1,41.94,0,0
3780,North,Basic,26,37.87,2,0
3781,North,Basic,45,34.73,1,0
3782,East,Standard,30,35.72,0,0
3783,South,Basic,60,57.54,1,0
3784,North,Standard,18,84.55,3,0
3785,East,Standard,40,62.77,0,0
3786,East,Standard,9,68.21,0,0
3787,South,Standard,15,41.21,1,0
3788,West,Standard,13,49.88,1,1
3789,South,Premium,53,55.68,1,0
3790,West,Basic,15,36.13,0,0
3791,North,Basic,48,40.34,2,1
3792,East,Standard,25,63.38,2,1
3793,West,Standard,41,67.63,1,0
3794,West,Standard,63,49.21,0,0
3795,South,Standard,62,26.49,1,0
3796,East,Standard,1,42.68,1,0
3797,South,Basic,56,22.06,1,0
3798,East,Standard,68,49.35,1,0
3799,East,Basic,48,52.6,0,0
3800,West,Basic,14,43.13,1,1
3801,South,Standard,48,52.35,2,0
3802,North,Standard,46,55.5,1,1
3803,South,Basic,48,52.62,5,1
3804,North,Premium,31,26.37,0,0
3805,North,Standard,38,43.44,0,0
3806,South,Standard,47,55.38,1,0
3807,East,Premium,33,76.42,1,0
3808,North,Basic,55,43.11,1,0
3809,North,Standard,51,57.92,0,0
3810,North,Basic,22,63.81,2,1
3811,West,Basic,44,44.46,0,0
3812,East,Basic,54,68.67,1,0
3813,North,Basic,35,69.64,1,1
3814,North,Standard,51,72.85,0,0
3815,South,Basic,9,56.25,2,1
3816,North,Standard,28,90.48,0,1
3817,South,Basic,50,36.92,3,0
3818,South,Basic,64,86.23,1,0
3819,West,Premium,46,61.83,2,1
3820,North,Standard,48,72.13,0,0
3821,East,Premium,25,42.24,0,0
3822,North,Standard,50,63.2,0,1
3823,West,Basic,26,73.69,1,1
3824,West,Standard,4,28.43,0,0
3825,East,Standard,18,45.06,1,1
3826,South,Basic,44,9.46,1,0
3827,North,Premium,69,44.79,3,0
3828,East,Standard,36,33.31,2,0
3829,East,Standard,62,44.08,2,0
3830,North,Standard,56,100.63,1,0
3831,South,Standard,40,78.92,1,0
3832,South,Basic,58,22.09,0,1
3833,West,Premium,29,58.0,1,1
3834,East,Basic,32,62.38,1,1
3835,East,Basic,53,41.92,4,0
3836,East,Basic,46,51.21,1,0
3837,North,Standard,38,52.97,0,0
3838,South,Premium,31,23.76,1,0
3839,North,Premium,70,29.44,1,0
3840,East,Standard,5,51.1,1,0
3841,South,Premium,4,49.79,0,0
3842,South,Standard,35,35.25,0,0
3843,North,Basic,3,33.7,1,1
3844,North,Standard,25,46.38,0,0
3845,South,Basic,41,63.95,0,0
3846,North,Basic,29,46.62,2,0
3847,North,Basic,15,77.21,2,1
3848,East,Basic,21,35.48,0,0
3849,South,Premium,43,51.48,2,0
3850,South,Premium,68,41.62,4,0
3851,South,Basic,56,58.58,1,0
3852,East,Standard,39,33.93,1,0
3853,South,Basic,10,82.69,0,1
3854,East,Basic,18,17.57,1,0
3855,West,Basic,32,78.88,2,0
3856,East,Basic,18,49.62,0,0
3857,South,Basic,49,57.94,1,1
3858,East,Basic,26,72.02,3,1
3859,South,Basic,60,63.44,3,0
3860,South,Basic,20,34.86,0,0
3861,South,Premium,36,58.8,1,0
3862,South,Basic,51,81.61,3,1
3863,North,Basic,15,32.03,1,1
3864,South,Standard,55,86.13,1,0
3865,North,Basic,42,54.94,1,0
3866,South,Standard,46,40.2,2,0
3867,South,Basic,33,31.92,2,1
3868,West,Standard,67,43.98,0,0
3869,North,Standard,55,12.8,2,0
3870,East,Standard,14,40.53,0,0
3871,South,Standard,40,43.27,5,0
3872,North,Basic,65,28.66,0,0
3873,North,Basic,20,61.46,3,1
3874,North,Basic,39,44.06,2,0
3875,North,Standard,54,36.56,4,0
3876,North,Basic,20,42.14,1,0
3877,South,Basic,37,54.39,5,0
3878,South,Standard,40,49.32,1,0
3879,North,Basic,13,35.38,2,0
3880,North,Basic,13,50.26,0,0
3881,North,Standard,40,47.09,1,0
3882,South,Basic,13,27.49,4,1
3883,South,Premium,68,42.81,0,0
3884,South,Premium,38,58.43,2,0
3885,North,Premium,51,58.3,0,0
3886,North,Basic,29,43.86,1,1
3887,West,Basic,22,60.18,1,0
3888,North,Standard,35,30.36,1,1
3889,North,Standard,51,30.92,0,0
3890,North,Standard,29,43.48,0,0
3891,West,Basic,21,74.96,0,1
3892,East,Basic,11,50.94,2,1
3893,East,Basic,39,43.04,2,0
3894,West,Basic,49,75.79,0,0
3895,North,Basic,38,42.84,3,0
3896,West,Premium,19,88.23,1,1
3897,North,Basic,18,38.8,1,1
3898,East,Standard,27,29.79,1,0
3899,South,Premium,25,45.01,0,0
3900,South,Basic,15,43.52,1,0
3901,West,Standard,67,33.46,0,0
3902,North,Standard,24,94.84,0,0
3903,West,Basic,18,53.74,0,0
3904,South,Standard,44,56.36,1,1
3905,East,Premium,57,39.69,2,0
3906,West,Standard,33,37.6,1,0
3907,North,Premium,48,66.46,3,0
3908,West,Premium,7,17.83,2,0
3909,South,Basic,38,27.43,0,0
3910,East,Standard,5,43.55,0,0
3911,North,Standard,10,72.32,0,0
3912,South,Standard,43,41.26,0,0
3913,East,Standard,15,55.49,2,0
3914,South,Standard,3,48.5,2,0
3915,North,Premium,13,71.33,3,0
3916,North,Basic,55,19.47,0,0
3917,West,Standard,42,61.25,1,0
3918,North,Basic,28,44.42,0,0
3919,East,Standard,70,64.65,0,0
3920,West,Standard,28,33.25,1,0
3921,North,Standard,63,48.44,3,1
3922,North,Basic,25,46.15,1,0
3923,East,Standard,2,29.96,0,0
3924,North,Basic,8,24.95,2,1
3925,South,Basic,20,37.55,2,0
3926,East,Basic,14,50.34,3,1
3927,South,Premium,12,34.38,0,0
3928,South,Basic,28,42.06,1,0
3929,East,Premium,70,14.06,0,0
3930,South,Basic,15,41.33,1,0
3931,North,Standard,17,66.42,0,0
3932,South,Standard,71,60.69,1,0
3933,West,Standard,15,46.44,1,1
3934,East,Standard,59,52.39,1,0
3935,South,Standard,45,33.09,4,0
3936,South,Premium,66,77.24,0,0
3937,North,Standard,40,85.22,2,0
3938,North,Basic,43,50.97,0,0
3939,North,Basic,17,94.63,0,1
3940,West,Standard,41,35.76,0,0
3941,North,Standard,48,25.48,0,0
3942,East,Standard,71,35.23,1,0
3943,North,Standard,7,44.05,1,0
3944,North,Basic,12,89.62,0,0
3945,South,Standard,2,42.94,1,0
3946,South,Standard,57,32.53,0,0
3947,East,Standard,6,31.83,1,0
3948,West,Standard,65,68.52,0,0
3949,West,Premium,26,65.95,2,0
3950,North,Standard,21,39.26,0,0
3951,East,Premium,70,14.24,0,0
3952,North,Basic,52,27.69,1,0
3953,West,Standard,39,78.98,0,0
3954,South,Standard,64,60.4,3,0
3955,South,Standard,54,49.18,2,0
3956,North,Basic,46,81.64,4,1
3957,North,Standard,23,83.25,1,0
3958,North,Basic,71,47.35,2,1
3959,West,Premium,52,47.68,3,0
3960,East,Basic,68,37.52,1,0
3961,West,Basic,69,42.88,1,1
3962,North,Standard,39,21.25,1,0
3963,South,Basic,26,21.17,0,1
3964,North,Basic,68,16.99,0,0
3965,South,Standard,71,67.52,3,0
3966,South,Standard,9,19.89,1,1
3967,North,Basic,46,83.1,0,0
3968,South,Standard,43,34.85,2,0
3969,North,Standard,54,79.27,3,0
3970,South,Standard,70,41.43,2,0
3971,East,Basic,18,19.81,1,0
3972,North,Basic,70,71.11,4,1
3973,West,Premium,46,73.23,0,0
3974,South,Standard,6,31.69,0,0
3975,East,Basic,37,42.03,3,0
3976,East,Premium,10,31.7,2,0
3977,East,Basic,68,45.83,1,0
3978,East,Standard,55,49.94,2,0
3979,West,Standard,65,41.68,1,0
3980,East,Premium,43,15.26,1,0
3981,North,Premium,29,37.54,0,0
3982,North,Basic,31,60.66,1,0
3983,East,Standard,68,44.24,2,0
3984,North,Basic,11,42.11,1,0
3985,North,Standard,63,31.25,4,0
3986,North,Standard,30,37.02,2,0
3987,South,Basic,42,73.36,1,0
3988,North,Basic,48,27.48,2,0
3989,East,Basic,6,60.97,1,0
3990,East,Basic,11,48.85,2,1
3991,West,Basic,12,52.41,5,1
3992,South,Premium,56,34.82,1,0
3993,South,Standard,6,41.67,0,0
3994,South,Standard,44,47.9,0,1
3995,South,Premium,8,38.63,1,0
3996,East,Standard,55,53.97,2,0
3997,North,Basic,70,56.23,1,0
3998,West,Premium,30,87.11,0,0
3999,North,Standard,16,53.01,1,0
4000,West,Standard,32,13.58,1,0
4001,South,Premium,50,68.93,3,0
4002,North,Standard,52,44.33,0,0
4003,East,Standard,46,84.21,1,0
4004,North,Premium,42,74.48,0,0
4005,East,Standard,45,38.91,3,0
4006,South,Premium,16,60.99,2,0
4007,North,Basic,15,37.31,0,0
4008,North,Basic,67,48.05,0,0
4009,East,Standard,42,60.17,1,0
4010,North,Basic,62,68.03,1,1
4011,West,Premium,45,64.11,0,0
4012,East,Basic,33,49.35,4,1
4013,East,Standard,41,92.7,1,0
4014,North,Basic,50,41.43,2,0
4015,East,Premium,14,19.07,0,0
4016,West,Basic,33,22.54,2,0
4017,North,Basic,52,74.53,0,0
4018,South,Basic,7,46.62,1,0
4019,North,Standard,6,50.86,1,1
4020,South,Premium,12,38.23,1,0
4021,East,Premium,42,39.85,1,0
4022,South,Basic,17,33.83,0,0
4023,South,Standard,31,56.48,1,0
4024,South,Basic,10,46.25,1,0
4025,North,Standard,18,55.83,1,0
4026,North,Standard,2,54.11,3,0
4027,West,Basic,58,40.33,1,0
4028,East,Standard,34,21.74,1,0
4029,South,Premium,13,20.18,1,0
4030,East,Basic,38,102.48,2,1
4031,North,Basic,67,74.61,5,0
4032,North,Basic,59,72.12,2,1
4033,North,Basic,63,35.86,2,0
4034,West,Basic,29,48.17,2,0
4035,East,Standard,26,33.32,0,0
4036,East,Basic,23,24.38,0,0
4037,North,Standard,22,37.4,1,0
4038,North,Premium,66,71.87,1,0
4039,East,Premium,10,63.13,1,0
4040,South,Standard,61,30.54,0,0
4041,West,Basic,66,42.33,1,1
4042,East,Basic,60,61.48,0,0
4043,South,Basic,45,37.72,1,0
4044,East,Premium,61,49.43,0,0
4045,West,Premium,3,55.23,1,1
4046,South,Basic,59,55.04,2,1
4047,East,Basic,37,52.57,2,0
4048,West,Standard,69,36.23,2,0
4049,North,Basic,7,38.08,1,1
4050,West,Premium,67,27.59,2,0
4051,North,Basic,41,19.9,1,0
4052,East,Basic,8,45.93,0,0
4053,East,Basic,37,62.69,3,1
4054,East,Basic,3,23.15,0,0
4055,South,Basic,6,52.91,1,0
4056,East,Premium,38,62.12,3,1
4057,North,Basic,58,14.94,1,0
4058,North,Standard,8,43.13,2,0
4059,North,Basic,19,77.63,0,0
4060,South,Basic,28,57.93,0,0
4061,South,Basic,39,14.33,3,0
4062,North,Basic,1,59.85,1,0
4063,West,Basic,46,34.54,1,1
4064,South,Basic,36,60.44,1,1
4065,South,Premium,69,35.58,0,0
4066,South,Standard,22,47.05,0,0
4067,North,Premium,36,38.32,3,0
4068,East,Basic,6,48.06,2,1
4069,South,Standard,66,37.79,2,0
4070,North,Standard,60,43.98,0,0
4071,West,Basic,26,26.84,0,1
4072,East,Basic,33,56.83,2,1
4073,East,Standard,61,51.16,1,0
4074,West,Standard,21,18.9,1,0
4075,West,Standard,17,65.87,0,0
4076,South,Basic,18,44.83,1,0
4077,East,Premium,51,50.91,0,1
4078,East,Basic,15,61.76,1,1
4079,North,Premium,7,53.91,4,1
4080,North,Premium,12,68.97,1,0
4081,North,Premium,71,42.72,0,0
4082,East,Standard,62,66.62,1,0
4083,East,Basic,68,50.21,2,0
4084,East,Standard,20,57.14,2,0
4085,South,Standard,32,55.27,2,0
4086,North,Standard,35,70.33,1,0
4087,South,Basic,38,60.99,1,0
4088,South,Basic,2,40.03,0,1
4089,West,Basic,43,36.46,1,1
4090,West,Standard,3,47.1,1,0
4091,West,Standard,20,34.32,0,0
4092,West,Premium,21,29.06,2,0
4093,West,Standard,48,9.7,1,0
4094,South,Standard,64,20.11,4,1
4095,North,Basic,50,83.74,3,0
4096,North,Standard,31,36.18,0,0
4097,South,Basic,38,82.26,3,0
4098,North,Basic,37,55.26,1,0
4099,North,Basic,11,47.1,1,1
4100,West,Basic,68,20.99,1,0
4101,North,Basic,66,48.08,1,0
4102,West,Standard,18,82.06,0,0
4103,East,Basic,9,76.04,1,1
4104,East,Basic,12,52.94,0,0
4105,East,Basic,45,27.32,2,0
4106,South,Standard,3,30.77,2,0
4107,East,Standard,8,32.65,1,0
4108,North,Basic,47,71.01,2,0
4109,West,Basic,11,77.37,2,1
4110,South,Premium,5,51.53,1,0
4111,North,Standard,2,42.54,2,1
4112,East,Standard,51,75.88,0,0
4113,East,Standard,26,30.39,0,0
4114,South,Premium,21,48.93,1,0
4115,East,Premium,46,56.33,0,0
4116,North,Basic,13,32.47,2,0
4117,East,Standard,38,36.55,1,0
4118,North,Basic,35,35.15,2,0
4119,North,Standard,48,73.5,2,1
4120,North,Basic,45,82.46,0,1
4121,South,Basic,48,50.07,0,0
4122,South,Premium,16,43.17,1,0
4123,South,Premium,10,37.2,1,0
4124,North,Basic,38,48.03,2,0
4125,North,Premium,5,38.1,0,0
4126,South,Basic,33,46.25,1,0
4127,North,Standard,45,55.44,0,0
4128,East,Premium,59,40.7,4,0
4129,West,Basic,47,44.59,1,0
4130,South,Standard,71,44.66,2,0
4131,West,Standard,40,42.28,2,1
4132,North,Basic,32,40.05,1,0
4133,North,Basic,18,61.72,0,0
4134,East,Basic,48,16.13,2,0
4135,East,Standard,58,76.34,3,0
4136,West,Basic,23,50.44,1,1
4137,North,Basic,6,58.98,0,0
4138,East,Standard,1,61.05,1,0
4139,South,Basic,45,35.25,0,0
4140,South,Basic,48,31.54,3,0
4141,North,Standard,9,29.42,3,0
4142,West,Standard,2,43.55,0,0
4143,North,Basic,47,60.59,2,1
4144,West,Premium,29,37.49,0,0
4145,East,Standard,30,58.94,4,0
4146,East,Basic,19,8.0,2,0
4147,East,Standard,51,41.06,2,0
4148,West,Standard,53,69.01,0,1
4149,North,Standard,4,44.92,2,1
4150,North,Standard,7,33.08,2,0
4151,South,Standard,40,36.18,0,0
4152,South,Premium,43,8.0,1,0
4153,North,Standard,11,29.79,2,0
4154,North,Premium,12,67.03,3,0
4155,South,Standard,49,37.51,0,0
4156,North,Premium,33,39.64,1,0
4157,North,Premium,9,8.0,2,0
4158,West,Basic,44,18.64,0,0
4159,South,Basic,6,69.42,0,0
4160,West,Standard,17,59.11,1,0
4161,West,Basic,51,24.65,2,0
4162,North,Standard,16,36.65,1,0
4163,East,Standard,5,47.47,0,0
4164,East,Premium,69,26.47,0,0
4165,East,Basic,16,11.93,0,0
4166,North,Standard,37,45.13,0,0
4167,North,Basic,59,58.31,1,0
4168,North,Standard,71,58.65,0,0
4169,East,Basic,58,63.75,0,0
4170,West,Standard,25,20.04,0,0
4171,East,Standard,61,49.04,0,0
4172,East,Standard,1,43.17,0,0
4173,West,Standard,24,46.43,0,0
4174,East,Basic,15,44.19,2,0
4175,North,Basic,38,36.11,1,0
4176,West,Basic,64,8.0,1,0
4177,South,Premium,55,68.91,3,0
4178,North,Premium,71,53.94,1,0
4179,South,Basic,10,21.28,1,0
4180,West,Basic,54,56.52,1,0
4181,North,Basic,52,39.95,1,0
4182,South,Standard,33,40.46,1,0
4183,North,Basic,7,34.17,1,0
4184,North,Basic,8,57.66,0,0
4185,North,Basic,65,33.6,2,0
4186,East,Basic,21,28.26,1,0
4187,West,Basic,46,68.37,1,0
4188,North,Basic,68,44.78,1,1
4189,North,Standard,36,45.35,0,0
4190,North,Standard,15,60.46,1,0
4191,North,Basic,35,35.98,0,0
4192,South,Standard,17,39.57,2,0
4193,East,Standard,13,53.5,1,1
4194,East,Standard,58,20.26,2,0
4195,South,Premium,25,51.98,1,0
4196,South,Basic,49,34.4,1,0
4197,North,Premium,52,63.4,0,0
4198,North,Standard,40,57.84,1,0
4199,West,Standard,39,55.46,0,0
4200,East,Basic,13,19.07,1,0
4201,West,Basic,38,46.14,2,1
4202,West,Basic,54,26.81,1,0
4203,East,Premium,14,47.34,0,0
4204,West,Standard,17,8.0,4,0
4205,South,Basic,50,20.27,1,0
4206,North,Standard,70,69.4,2,0
4207,North,Basic,28,54.64,4,1
4208,North,Basic,59,41.63,1,0
4209,North,Standard,13,31.64,1,0
4210,South,Standard,41,28.48,0,0
4211,East,Standard,68,51.6,3,0
4212,East,Standard,32,41.81,0,0
4213,South,Standard,36,75.84,1,0
4214,North,Premium,12,44.67,1,0
4215,East,Basic,38,49.06,2,1
4216,South,Standard,42,23.01,1,0
4217,North,Standard,70,41.51,2,0
4218,North,Basic,15,51.19,1,0
4219,South,Basic,27,41.29,0,0
4220,North,Basic,46,39.26,2,1
4221,East,Basic,67,53.88,2,0
4222,East,Standard,17,75.27,0,0
4223,East,Basic,50,50.61,1,0
4224,North,Standard,63,68.6,4,1
4225,East,Basic,45,59.19,1,0
4226,East,Basic,31,67.52,1,1
4227,North,Basic,17,37.03,1,0
4228,East,Basic,21,44.28,0,0
4229,South,Premium,4,44.35,1,0
4230,South,Basic,11,57.83,1,0
4231,North,Basic,32,62.26,4,0
4232,South,Basic,10,50.25,1,0
4233,North,Basic,1,63.78,3,0
4234,North,Standard,50,37.86,0,0
4235,North,Standard,6,63.94,3,0
4236,West,Basic,11,66.28,2,1
4237,North,Standard,43,60.19,1,0
4238,South,Standard,66,50.42,2,0
4239,South,Premium,52,60.84,0,0
4240,West,Standard,3,31.91,2,0
4241,South,Basic,12,51.57,2,0
4242,West,Standard,53,53.41,2,0
4243,North,Premium,53,24.07,3,0
4244,North,Standard,28,56.54,2,1
4245,South,Premium,68,25.52,2,0
4246,South,Premium,64,40.3,1,0
4247,East,Basic,53,48.72,2,0
4248,West,Standard,54,34.85,2,0
4249,South,Standard,56,49.49,1,0
4250,West,Standard,11,49.2,0,0
4251,South,Standard,50,33.24,1,0
4252,North,Premium,67,58.22,2,0
4253,South,Standard,16,34.25,1,0
4254,North,Standard,2,89.18,0,0
4255,East,Basic,26,46.03,1,0
4256,North,Basic,20,26.92,2,0
4257,South,Premium,68,30.28,1,0
4258,South,Standard,32,68.66,1,0
4259,North,Basic,47,40.64,0,0
4260,North,Premium,70,23.45,0,0
4261,East,Premium,57,63.37,2,0
4262,North,Standard,54,40.52,2,0
4263,South,Basic,69,59.76,0,1
4264,South,Standard,49,64.84,1,0
4265,North,Basic,17,52.94,2,1
4266,North,Basic,52,91.13,1,1
4267,East,Standard,23,16.95,2,0
4268,West,Premium,24,33.28,1,0
4269,North,Basic,46,43.39,4,1
4270,West,Premium,23,88.7,2,0
4271,South,Premium,2,80.36,3,0
4272,East,Basic,71,71.2,0,0
4273,East,Basic,41,33.71,1,0
4274,East,Standard,48,35.8,0,0
4275,East,Standard,58,33.09,1,0
4276,South,Basic,46,33.9,2,0
4277,South,Standard,44,74.87,0,0
4278,South,Standard,57,43.61,0,0
4279,North,Standard,21,45.99,1,0
4280,East,Standard,59,61.94,2,0
4281,North,Basic,52,18.06,1,0
4282,North,Basic,13,48.95,0,0
4283,North,Basic,11,28.26,1,0
4284,North,Premium,63,42.7,0,0
4285,East,Premium,64,37.44,1,0
4286,East,Standard,71,36.52,3,0
4287,South,Basic,8,52.06,1,1
4288,North,Standard,64,51.98,2,0
4289,South,Basic,62,44.04,2,0
4290,South,Basic,55,54.67,0,0
4291,East,Basic,36,32.36,1,0
4292,South,Premium,37,60.27,4,0
4293,South,Basic,31,44.29,1,0
4294,South,Standard,3,39.29,0,0
4295,West,Premium,36,33.69,1,0
4296,East,Standard,17,43.65,0,0
4297,South,Basic,15,81.67,3,1
4298,South,Premium,4,46.86,1,0
4299,North,Standard,33,27.4,0,0
4300,West,Standard,4,64.54,2,0
4301,South,Standard,61,39.51,0,0
4302,North,Premium,64,53.11,1,0
4303,West,Standard,57,37.1,0,0
4304,East,Standard,22,71.05,0,0
4305,North,Standard,12,37.37,1,0
4306,North,Basic,36,73.16,3,1
4307,North,Standard,48,29.11,1,0
4308,South,Basic,2,42.73,1,0
4309,North,Basic,61,73.2,1,1
4310,West,Basic,32,51.03,1,1
4311,West,Basic,59,88.89,2,1
4312,South,Basic,6,43.16,1,1
4313,East,Standard,31,52.63,1,0
4314,North,Basic,33,82.29,2,0
4315,North,Basic,4,20.75,3,0
4316,East,Premium,51,18.52,1,0
4317,North,Premium,67,33.68,1,0
4318,North,Standard,39,62.64,2,0
4319,South,Basic,29,19.02,0,0
4320,North,Basic,46,58.75,0,0
4321,South,Basic,26,57.48,3,1
4322,East,Basic,26,84.26,0,1
4323,East,Premium,54,66.82,2,0
4324,East,Standard,42,54.55,1,0
4325,West,Basic,19,72.46,0,0
4326,South,Premium,29,57.7,0,0
4327,West,Basic,60,39.72,2,1
4328,South,Basic,38,27.4,2,0
4329,North,Basic,6,37.75,0,0
4330,West,Basic,61,47.28,0,0
4331,North,Premium,53,51.15,0,0
4332,North,Basic,19,9.57,2,0
4333,North,Standard,69,44.05,1,1
4334,South,Basic,68,48.51,0,0
4335,South,Premium,71,57.86,0,0
4336,South,Standard,27,77.28,0,0
4337,West,Standard,66,51.34,0,0
4338,North,Basic,58,31.63,0,0
4339,South,Premium,62,15.27,1,0
4340,South,Standard,39,60.37,1,0
4341,West,Basic,20,32.36,1,0
4342,North,Premium,17,63.6,1,0
4343,North,Basic,69,73.15,1,1
4344,South,Basic,36,20.21,1,0
4345,East,Standard,66,57.97,3,0
4346,East,Basic,40,71.27,1,0
4347,South,Standard,38,66.34,2,0
4348,East,Basic,6,10.27,1,0
4349,South,Basic,29,32.63,0,0
4350,North,Basic,40,24.96,1,0
4351,North,Basic,8,57.42,1,0
4352,North,Premium,12,55.44,1,0
4353,South,Standard,42,8.0,0,0
4354,South,Standard,18,42.59,1,0
4355,South,Basic,50,62.41,1,0
4356,South,Standard,33,50.66,1,0
4357,South,Basic,29,50.63,0,0
4358,East,Basic,9,41.43,2,0
4359,East,Standard,29,28.94,2,0
4360,South,Standard,39,47.69,0,1
4361,South,Standard,41,48.94,2,0
4362,South,Premium,20,59.07,2,0
4363,South,Premium,2,60.54,1,0
4364,South,Basic,67,49.55,2,0
4365,South,Basic,69,67.71,2,1
4366,East,Basic,65,41.25,0,0
4367,East,Standard,21,22.01,0,0
4368,North,Premium,43,56.59,2,0
4369,South,Premium,11,50.27,0,0
4370,West,Basic,65,56.94,1,0
4371,North,Premium,1,25.24,0,0
4372,West,Standard,34,80.23,1,0
4373,North,Premium,61,60.79,2,1
4374,South,Standard,52,42.82,1,0
4375,South,Basic,62,31.16,1,0
4376,North,Basic,36,67.39,3,1
4377,West,Premium,7,28.17,2,0
4378,South,Basic,1,88.7,1,1
4379,West,Basic,11,36.96,2,1
4380,North,Basic,5,78.97,1,0
4381,West,Basic,32,44.68,2,0
4382,West,Premium,4,76.45,2,0
4383,South,Basic,14,34.77,1,0
4384,North,Basic,30,48.34,5,1
4385,East,Standard,53,62.49,1,0
4386,South,Standard,48,59.92,1,0
4387,West,Basic,5,67.81,3,1
4388,South,Basic,65,39.23,2,0
4389,North,Basic,40,49.53,0,0
4390,North,Basic,25,70.47,0,0
4391,East,Basic,28,35.31,2,1
4392,West,Basic,61,58.31,0,0
4393,North,Standard,34,44.06,0,0
4394,East,Premium,18,51.71,2,0
4395,West,Premium,31,49.52,0,0
4396,North,Basic,5,33.81,0,0
4397,North,Basic,11,43.31,3,1
4398,East,Premium,23,50.61,1,0
4399,East,Standard,16,46.15,0,0
4400,North,Standard,25,76.31,2,0
4401,West,Basic,5,66.18,2,1
4402,South,Basic,44,53.22,1,0
4403,West,Standard,9,34.26,1,0
4404,West,Standard,16,33.17,2,0
4405,East,Basic,70,83.53,1,0
4406,South,Premium,1,29.82,0,0
4407,North,Standard,20,50.05,1,0
4408,South,Standard,36,54.5,3,0
4409,North,Basic,22,42.4,0,0
4410,East,Standard,23,29.96,1,1
4411,North,Standard,10,33.87,0,0
4412,South,Basic,31,38.16,1,0
4413,North,Standard,54,35.23,0,0
4414,North,Standard,42,71.9,0,0
4415,North,Premium,66,47.84,1,0
4416,East,Basic,50,38.57,1,0
4417,East,Premium,57,49.93,1,0
4418,North,Standard,31,60.02,0,0
4419,West,Basic,44,41.8,0,0
4420,West,Basic,42,64.24,2,1
4421,South,Basic,58,25.12,3,0
4422,East,Basic,36,69.08,2,0
4423,South,Standard,29,47.84,2,0
4424,North,Standard,5,47.14,3,1
4425,South,Basic,62,35.53,1,0
4426,North,Premium,31,25.9,1,0
4427,West,Basic,57,18.0,2,0
4428,West,Standard,49,34.27,2,1
4429,West,Premium,1,58.58,0,0
4430,South,Premium,47,30.7,1,0
4431,South,Standard,35,20.13,1,0
4432,West,Standard,18,31.64,0,0
4433,North,Basic,19,41.07,1,0
4434,North,Basic,46,41.78,1,0
4435,South,Basic,7,45.68,3,1
4436,South,Basic,44,66.59,2,0
4437,South,Basic,61,70.49,0,1
4438,North,Basic,7,84.1,0,1
4439,South,Premium,1,18.75,1,0
4440,North,Premium,5,32.59,5,0
4441,North,Premium,52,60.57,0,0
4442,North,Standard,61,39.83,1,0
4443,South,Basic,71,63.49,1,0
4444,West,Basic,3,51.73,0,0
4445,South,Standard,35,76.43,3,1
4446,East,Standard,4,66.77,1,0
4447,East,Basic,27,67.1,1,1
4448,South,Standard,22,40.59,1,0
4449,West,Standard,44,46.25,1,0
4450,East,Basic,65,42.51,1,0
4451,South,Basic,58,20.89,2,0
4452,North,Basic,5,74.49,0,1
4453,North,Standard,18,61.42,2,0
4454,West,Premium,20,41.79,1,0
4455,East,Standard,18,71.48,1,0
4456,West,Standard,26,36.65,3,0
4457,West,Premium,44,14.91,0,0
4458,North,Basic,53,66.13,1,0
4459,East,Standard,67,24.99,2,0
4460,South,Standard,50,44.48,1,0
4461,East,Standard,22,51.71,1,0
4462,North,Basic,14,54.94,0,0
4463,North,Premium,27,63.27,1,0
4464,East,Premium,57,58.46,4,0
4465,East,Basic,71,57.9,0,0
4466,East,Basic,28,33.77,1,1
4467,South,Basic,13,53.3,2,0
4468,South,Standard,1,20.9,5,1
4469,West,Standard,6,76.12,1,0
4470,South,Basic,46,22.75,4,0
4471,South,Premium,42,41.76,1,0
4472,South,Basic,46,24.26,1,0
4473,South,Standard,2,34.86,1,0
4474,South,Basic,32,48.24,0,0
4475,South,Standard,13,38.48,0,0
4476,West,Standard,24,68.6,1,0
4477,West,Basic,45,52.08,0,0
4478,West,Basic,20,39.67,0,1
4479,South,Premium,47,45.6,0,1
4480,South,Standard,21,69.95,0,0
4481,East,Premium,37,64.36,2,0
4482,West,Standard,33,27.5,1,1
4483,South,Standard,28,35.75,2,0
4484,East,Basic,9,56.55,0,1
4485,East,Standard,41,54.36,1,0
4486,East,Basic,71,29.09,0,0
4487,East,Basic,46,61.48,2,0
4488,North,Basic,53,31.96,1,0
4489,South,Basic,58,71.47,0,0
4490,South,Premium,3,57.53,2,0
4491,North,Premium,57,27.63,3,0
4492,West,Standard,18,38.48,1,0
4493,East,Basic,48,38.16,0,0
4494,North,Premium,70,50.88,1,0
4495,East,Standard,64,44.33,2,0
4496,East,Basic,30,27.38,0,1
4497,East,Standard,60,22.9,3,0
4498,South,Standard,44,57.88,0,0
4499,West,Basic,10,53.15,1,1
4500,South,Standard,18,49.9,0,0
4501,South,Standard,68,52.87,2,0
4502,North,Basic,65,36.86,1,0
4503,East,Basic,64,51.31,1,0
4504,East,Standard,28,93.69,1,0
4505,South,Standard,23,69.14,1,0
4506,South,Premium,58,42.81,1,0
4507,East,Premium,2,38.58,2,0
4508,East,Standard,64,8.0,2,0
4509,North,Standard,43,67.24,2,0
4510,West,Standard,45,62.16,0,0
4511,East,Standard,32,38.21,0,0
4512,West,Basic,70,22.23,1,0
4513,West,Standard,54,27.21,1,0
4514,West,Standard,4,56.0,0,0
4515,East,Standard,38,46.39,1,0
4516,East,Premium,62,60.45,1,0
4517,North,Standard,6,49.56,0,0
4518,South,Basic,53,65.4,0,0
4519,East,Basic,18,54.65,3,1
4520,South,Basic,36,62.92,2,0
4521,West,Basic,63,10.39,0,0
4522,North,Standard,35,25.78,0,0
4523,South,Basic,3,41.44,2,1
4524,South,Basic,2,67.43,0,0
4525,South,Basic,53,81.85,0,1
4526,North,Standard,67,45.04,3,0
4527,North,Standard,21,36.99,0,0
4528,West,Basic,67,12.81,1,0
4529,South,Basic,33,63.54,0,0
4530,North,Basic,5,38.1,2,0
4531,North,Basic,38,101.25,2,1
4532,South,Basic,70,34.69,1,0
4533,North,Basic,18,85.89,1,1
4534,East,Basic,69,61.47,0,0
4535,East,Premium,47,29.49,0,0
4536,North,Standard,29,52.18,1,0
4537,South,Premium,50,61.88,3,0
4538,North,Basic,29,43.95,1,0
4539,South,Basic,7,63.08,0,1
4540,West,Premium,62,62.69,2,0
4541,South,Basic,27,58.73,1,1
4542,West,Standard,41,47.7,1,0
4543,North,Premium,53,26.85,0,0
4544,South,Standard,6,46.62,0,0
4545,South,Basic,52,51.17,2,0
4546,South,Standard,26,14.23,0,0
4547,West,Basic,39,51.05,1,0
4548,North,Basic,33,46.26,3,0
4549,West,Basic,56,24.66,4,1
4550,West,Premium,14,42.01,0,0
4551,South,Standard,8,42.39,3,0
4552,South,Basic,30,82.74,1,0
4553,South,Basic,9,51.96,0,0
4554,North,Standard,18,66.65,1,0
4555,East,Premium,47,45.88,0,0
4556,South,Basic,59,14.27,2,0
4557,West,Basic,50,60.1,0,0
4558,East,Premium,23,36.15,0,0
4559,South,Premium,58,41.96,2,0
4560,East,Premium,29,29.05,3,0
4561,South,Basic,13,49.31,1,1
4562,West,Basic,54,67.17,1,0
4563,North,Basic,37,64.79,1,1
4564,West,Basic,27,76.55,2,0
4565,East,Premium,47,79.1,0,0
4566,West,Basic,52,11.17,1,1
4567,South,Standard,16,26.51,0,0
4568,West,Premium,9,15.45,3,0
4569,South,Premium,37,59.37,3,1
4570,East,Standard,4,35.52,2,0
4571,North,Premium,46,39.19,0,0
4572,South,Basic,32,44.1,0,0
4573,South,Basic,16,54.89,2,1
4574,South,Basic,43,21.26,0,0
4575,South,Premium,27,25.34,3,0
4576,West,Premium,28,48.02,2,0
4577,North,Basic,16,69.58,3,1
4578,East,Basic,49,47.54,3,0
4579,North,Basic,65,33.75,2,0
4580,East,Basic,44,9.33,1,0
4581,East,Premium,17,65.15,0,0
4582,South,Basic,60,34.75,1,0
4583,East,Standard,9,27.35,1,0
4584,West,Standard,21,17.12,3,0
4585,East,Basic,3,22.1,1,0
4586,South,Basic,61,30.7,1,0
4587,South,Premium,4,43.7,0,0
4588,East,Standard,39,26.24,2,0
4589,North,Basic,14,51.34,1,1
4590,East,Basic,16,43.56,2,1
4591,South,Premium,44,88.0,1,0
4592,East,Premium,58,17.32,3,0
4593,North,Premium,2,50.91,3,0
4594,North,Standard,12,51.13,0,0
4595,West,Premium,21,29.45,2,1
4596,West,Basic,67,49.71,0,0
4597,West,Standard,5,61.85,2,0
4598,West,Basic,13,49.74,0,0
4599,South,Standard,29,72.92,0,0
4600,North,Premium,24,8.8,1,0
4601,North,Premium,4,32.84,1,0
4602,South,Standard,39,74.55,1,0
4603,North,Standard,44,64.42,0,0
4604,West,Premium,13,57.73,2,0
4605,North,Premium,49,70.2,1,0
4606,North,Standard,5,13.5,1,0
4607,North,Basic,52,62.32,1,1
4608,North,Basic,19,67.16,1,0
4609,North,Premium,16,36.14,1,0
4610,East,Standard,14,95.33,0,0
4611,South,Standard,62,51.53,0,0
4612,East,Standard,36,8.53,0,0
4613,West,Basic,50,54.86,1,0
4614,East,Basic,15,35.04,0,0
4615,East,Premium,5,68.97,2,0
4616,South,Basic,3,57.86,1,0
4617,North,Standard,32,37.24,2,0
4618,South,Standard,24,75.04,4,0
4619,West,Premium,55,64.91,2,1
4620,East,Basic,56,33.1,0,0
4621,North,Standard,23,45.26,0,0
4622,South,Basic,31,57.3,0,1
4623,West,Basic,28,41.44,2,1
4624,East,Basic,48,41.98,1,0
4625,South,Basic,45,48.66,2,1
4626,West,Premium,47,28.82,2,0
4627,East,Premium,4,8.0,1,0
4628,East,Basic,24,52.3,0,0
4629,North,Premium,69,12.2,1,0
4630,North,Standard,25,30.13,2,0
4631,West,Standard,13,16.11,3,0
4632,South,Premium,15,18.33,1,0
4633,South,Standard,2,55.67,2,0
4634,South,Basic,56,44.0,3,0
4635,North,Basic,1,43.35,2,0
4636,West,Standard,43,24.31,0,0
4637,North,Premium,29,36.19,2,1
4638,East,Standard,7,54.78,1,0
4639,South,Basic,63,47.06,2,1
4640,North,Basic,53,62.81,2,1
4641,North,Premium,59,65.37,3,0
4642,East,Basic,67,43.46,0,0
4643,North,Standard,65,14.66,2,0
4644,North,Standard,50,34.38,1,0
4645,East,Basic,38,46.24,1,0
4646,South,Basic,50,34.02,0,0
4647,South,Basic,32,29.02,2,0
4648,North,Basic,13,49.26,1,0
4649,West,Standard,28,91.75,0,1
4650,North,Premium,34,39.21,1,0
4651,North,Basic,4,47.95,0,1
4652,South,Standard,61,24.38,1,0
4653,North,Basic,65,70.38,0,0
4654,South,Basic,30,63.75,3,0
4655,North,Standard,36,62.5,1,0
4656,North,Standard,60,72.48,2,1
4657,South,Standard,33,40.31,2,0
4658,West,Basic,49,42.56,0,0
4659,North,Standard,37,78.78,1,0
4660,North,Basic,20,59.39,0,0
4661,West,Premium,57,8.05,0,0
4662,West,Standard,14,56.19,2,0
4663,East,Premium,16,37.53,1,0
4664,North,Basic,50,64.17,0,1
4665,South,Standard,51,55.35,3,0
4666,North,Standard,68,16.67,1,0
4667,North,Basic,51,52.84,0,0
4668,South,Standard,2,51.79,1,0
4669,South,Standard,61,54.54,0,0
4670,South,Premium,30,58.36,1,0
4671,East,Basic,1,74.93,1,0
4672,North,Premium,42,55.45,1,0
4673,South,Basic,13,48.41,1,0
4674,East,Standard,30,68.66,0,0
4675,West,Standard,34,88.37,1,0
4676,South,Basic,6,64.47,1,0
4677,South,Premium,61,51.71,1,0
4678,North,Premium,37,55.79,1,0
4679,North,Premium,69,52.61,1,0
4680,East,Premium,34,48.33,2,0
4681,North,Standard,43,86.97,0,0
4682,South,Standard,58,34.52,0,0
4683,South,Premium,16,68.79,0,0
4684,North,Basic,65,45.73,1,0
4685,North,Premium,14,21.35,2,0
4686,South,Standard,71,44.61,0,0
4687,West,Standard,46,38.16,0,1
4688,East,Basic,37,58.4,0,1
4689,South,Basic,15,49.64,1,0
4690,North,Basic,41,29.6,0,0
4691,East,Basic,40,74.48,0,0
4692,North,Basic,70,67.62,1,0
4693,South,Basic,60,76.55,2,1
4694,East,Basic,35,52.27,1,0
4695,South,Standard,28,47.36,1,0
4696,North,Basic,28,60.66,1,0
4697,North,Premium,27,37.61,0,0
4698,North,Basic,1,50.34,2,1
4699,South,Standard,3,44.84,3,0
4700,West,Basic,54,21.7,1,0
4701,North,Standard,19,50.29,0,0
4702,South,Standard,30,40.06,0,0
4703,East,Standard,50,43.63,1,0
4704,North,Basic,44,54.55,0,0
4705,North,Standard,26,70.91,2,0
4706,South,Basic,54,32.72,0,1
4707,East,Standard,12,41.94,3,1
4708,South,Basic,34,34.23,1,0
4709,East,Standard,8,33.06,2,1
4710,West,Basic,38,37.3,1,0
4711,East,Standard,7,44.46,1,0
4712,West,Basic,67,58.55,1,0
4713,East,Basic,47,53.77,3,1
4714,West,Basic,18,28.98,0,0
4715,West,Basic,44,71.29,0,0
4716,East,Standard,25,65.0,0,0
4717,East,Premium,37,31.78,1,0
4718,West,Standard,12,70.03,1,0
4719,South,Basic,36,53.88,3,1
4720,East,Basic,8,45.18,1,0
4721,South,Premium,11,54.45,1,0
4722,West,Basic,42,47.54,4,1
4723,South,Basic,36,57.81,0,0
4724,East,Premium,21,51.37,1,0
4725,East,Basic,5,41.93,2,0
4726,West,Basic,31,11.54,1,0
4727,North,Basic,66,57.49,0,0
4728,East,Standard,51,41.27,1,0
4729,East,Basic,5,62.0,3,0
4730,West,Standard,67,56.67,4,0
4731,West,Basic,31,41.74,0,0
4732,South,Basic,41,66.41,1,0
4733,South,Basic,1,51.69,1,0
4734,North,Premium,23,50.95,0,0
4735,West,Basic,56,45.51,0,0
4736,North,Standard,24,78.3,0,0
4737,East,Basic,12,35.16,4,1
4738,East,Basic,7,42.19,2,0
4739,South,Basic,66,25.73,2,0
4740,North,Standard,58,61.08,1,0
4741,North,Standard,4,37.52,2,0
4742,West,Premium,66,39.54,2,0
4743,South,Premium,59,38.7,2,0
4744,North,Standard,26,49.13,1,0
4745,East,Standard,47,25.49,0,0
4746,North,Standard,19,8.0,1,0
4747,West,Standard,18,56.24,3,0
4748,South,Basic,51,9.96,3,0
4749,North,Premium,15,63.37,1,0
4750,North,Premium,26,76.05,0,0
4751,South,Basic,26,45.04,0,0
4752,South,Premium,11,71.39,3,0
4753,East,Premium,59,47.56,1,0
4754,South,Basic,48,76.79,0,0
4755,South,Premium,62,39.79,0,0
4756,North,Basic,38,8.0,1,0
4757,North,Basic,13,46.56,1,1
4758,West,Basic,20,78.74,3,1
4759,North,Standard,26,57.63,1,0
4760,West,Basic,67,38.72,1,0
4761,South,Premium,17,53.92,2,0
4762,North,Basic,50,65.48,1,0
4763,North,Basic,9,46.46,1,0
4764,North,Standard,68,95.28,0,0
4765,East,Basic,46,38.69,0,0
4766,South,Standard,31,66.05,0,0
4767,South,Basic,25,61.71,0,0
4768,East,Premium,26,35.4,1,0
4769,East,Standard,17,40.36,1,0
4770,West,Basic,43,66.33,1,1
4771,West,Basic,62,50.61,0,0
4772,East,Basic,18,54.09,3,0
4773,East,Premium,54,18.55,3,0
4774,East,Standard,41,59.81,0,1
4775,South,Basic,55,53.17,0,0
4776,East,Basic,55,46.85,1,0
4777,North,Premium,3,54.5,0,0
4778,East,Basic,2,40.63,2,1
4779,West,Standard,65,37.35,1,0
4780,North,Standard,12,43.65,1,0
4781,West,Basic,41,39.64,0,1
4782,West,Standard,54,87.25,1,0
4783,North,Basic,36,64.41,2,1
4784,South,Basic,1,30.57,0,0
4785,West,Premium,1,84.65,0,0
4786,West,Standard,48,40.21,0,0
4787,North,Premium,64,48.53,2,0
4788,South,Standard,25,64.15,0,0
4789,East,Basic,39,12.54,3,0
4790,North,Standard,67,43.73,1,0
4791,South,Standard,59,37.68,1,1
4792,North,Basic,39,51.69,1,0
4793,North,Basic,47,54.66,1,1
4794,South,Standard,69,46.61,1,0
4795,East,Standard,57,45.77,1,0
4796,East,Basic,30,67.17,2,1
4797,East,Premium,50,53.43,0,0
4798,South,Basic,24,48.75,1,0
4799,North,Basic,66,50.66,1,0
4800,North,Basic,7,81.05,0,1
4801,North,Premium,17,51.11,0,0
4802,South,Basic,25,38.74,0,0
4803,North,Standard,15,13.64,0,0
4804,North,Basic,43,22.19,1,0
4805,North,Standard,51,39.59,2,0
4806,East,Standard,64,46.05,2,1
4807,East,Basic,36,38.0,0,0
4808,West,Premium,45,54.32,1,0
4809,East,Basic,43,37.77,1,0
4810,South,Basic,1,31.54,1,0
4811,North,Standard,51,59.03,0,0
4812,South,Standard,2,72.65,0,0
4813,North,Basic,39,28.07,1,0
4814,South,Standard,71,52.39,0,0
4815,South,Basic,56,13.71,0,0
4816,South,Standard,36,21.46,3,0
4817,North,Standard,23,37.4,3,0
4818,East,Premium,60,68.43,1,0
4819,West,Standard,61,33.98,0,0
4820,East,Standard,27,33.31,0,0
4821,East,Standard,8,48.65,3,0
4822,South,Basic,42,48.67,3,1
4823,North,Basic,46,33.87,1,1
4824,East,Premium,67,83.75,0,0
4825,South,Basic,64,43.22,0,0
4826,North,Standard,17,50.04,0,0
4827,South,Basic,18,40.77,0,0
4828,West,Premium,71,55.92,0,0
4829,East,Basic,24,70.23,1,0
4830,South,Premium,33,77.95,1,0
4831,East,Standard,22,34.28,4,0
4832,South,Basic,28,67.81,1,0
4833,South,Standard,41,57.89,1,0
4834,North,Standard,21,65.54,0,0
4835,South,Basic,30,46.35,1,0
4836,East,Basic,26,44.63,1,0
4837,North,Standard,8,64.84,1,0
4838,East,Standard,56,65.18,3,0
4839,North,Basic,64,76.18,1,0
4840,East,Premium,35,51.57,0,0
4841,East,Basic,15,46.08,0,1
4842,East,Basic,46,8.0,2,0
4843,East,Standard,38,19.0,0,0
4844,West,Basic,40,40.9,5,1
4845,South,Basic,43,28.18,2,0
4846,East,Standard,51,62.65,2,0
4847,East,Basic,3,24.42,2,0
4848,North,Basic,8,38.98,1,0
4849,North,Standard,7,39.68,4,0
4850,South,Standard,11,69.69,1,0
4851,North,Premium,69,37.05,0,0
4852,South,Standard,52,56.14,1,0
4853,South,Standard,48,51.52,1,0
4854,East,Basic,50,64.26,1,0
4855,North,Standard,3,63.3,0,0
4856,East,Basic,16,47.4,1,0
4857,South,Basic,57,17.47,1,0
4858,East,Premium,33,43.83,1,0
4859,North,Standard,37,47.64,5,0
4860,South,Standard,54,53.15,1,0
4861,North,Basic,6,34.72,2,0
4862,East,Basic,57,68.54,1,1
4863,South,Standard,49,48.25,2,0
4864,West,Standard,29,31.43,1,0
4865,South,Standard,36,39.75,2,0
4866,South,Basic,6,82.71,1,0
4867,North,Basic,15,59.96,2,1
4868,East,Standard,18,66.87,0,0
4869,South,Standard,63,29.25,1,0
4870,South,Basic,9,35.6,0,0
4871,North,Basic,21,35.73,1,0
4872,North,Basic,10,51.32,2,0
4873,North,Basic,21,44.87,1,1
4874,West,Standard,1,39.19,2,0
4875,South,Basic,20,41.45,0,0
4876,North,Standard,52,33.71,2,0
4877,West,Standard,55,44.76,1,0
4878,North,Premium,27,68.04,2,0
4879,South,Premium,51,20.76,1,0
4880,East,Basic,44,54.24,3,1
4881,West,Basic,65,72.84,1,1
4882,East,Basic,58,44.7,2,0
4883,South,Standard,17,38.48,3,0
4884,West,Basic,42,64.64,1,1
4885,North,Basic,56,30.28,3,0
4886,West,Basic,22,47.59,2,1
4887,West,Basic,41,29.28,0,0
4888,West,Standard,29,14.34,0,0
4889,North,Standard,22,45.26,1,0
4890,North,Standard,15,25.26,0,0
4891,East,Premium,3,47.79,3,0
4892,South,Basic,54,68.07,3,1
4893,South,Basic,59,81.38,3,1
4894,West,Basic,47,49.68,0,0
4895,East,Standard,18,66.35,0,0
4896,South,Standard,2,55.18,0,0
4897,South,Basic,45,41.1,0,0
4898,North,Premium,15,13.35,1,0
4899,North,Basic,39,77.28,3,1
4900,North,Basic,69,29.12,0,0
4901,East,Standard,1,72.89,0,0
4902,East,Premium,41,57.66,1,0
4903,South,Standard,71,30.43,1,0
4904,South,Premium,24,53.62,1,0
4905,East,Basic,58,86.39,1,0
4906,East,Standard,59,75.64,1,0
4907,West,Premium,35,38.77,0,0
4908,South,Standard,22,35.18,0,0
4909,East,Basic,49,49.8,3,1
4910,South,Premium,44,45.02,1,0
4911,South,Basic,34,69.6,2,1
4912,West,Basic,14,61.31,0,1
4913,South,Premium,53,17.54,1,0
4914,South,Premium,16,56.26,0,0
4915,South,Premium,10,44.78,1,0
4916,South,Premium,5,48.67,2,0
4917,South,Basic,32,52.48,1,0
4918,East,Premium,9,69.58,2,0
4919,South,Basic,24,65.6,2,0
4920,North,Standard,18,34.5,0,0
4921,West,Basic,33,46.94,0,1
4922,South,Premium,56,39.93,2,0
4923,West,Standard,32,17.73,1,0
4924,North,Premium,40,46.03,4,0
4925,South,Basic,11,81.21,2,1
4926,South,Basic,9,17.18,1,0
4927,West,Basic,70,47.57,0,0
4928,North,Basic,45,46.99,1,0
4929,West,Standard,2,53.18,2,1
4930,South,Basic,41,30.67,2,0
4931,South,Standard,1,22.35,2,0
4932,South,Basic,6,23.19,1,0
4933,North,Basic,27,71.96,1,0
4934,South,Standard,47,30.31,0,0
4935,North,Basic,45,39.01,1,0
4936,South,Basic,57,85.88,2,0
4937,East,Basic,13,34.78,2,0
4938,South,Basic,14,54.16,1,0
4939,North,Standard,38,67.15,0,0
4940,North,Basic,62,66.28,3,0
4941,North,Basic,52,24.03,2,1
4942,North,Standard,48,35.16,0,0
4943,East,Standard,7,53.44,2,0
4944,North,Standard,63,82.72,2,1
4945,West,Basic,70,34.29,0,0
4946,North,Premium,42,39.11,1,0
4947,North,Basic,24,55.55,0,0
4948,West,Basic,48,59.15,3,1
4949,North,Premium,46,60.24,2,0
4950,South,Standard,66,32.77,0,0
4951,West,Standard,8,38.42,2,1
4952,West,Premium,37,51.88,3,0
4953,East,Basic,51,70.72,0,1
4954,North,Premium,25,43.71,1,0
4955,South,Standard,60,47.6,1,0
4956,West,Basic,5,29.53,2,0
4957,West,Basic,8,81.54,1,1
4958,North,Basic,57,50.78,1,0
4959,South,Premium,9,67.4,1,0
4960,South,Basic,30,48.54,1,0
4961,North,Basic,20,49.53,1,0
4962,East,Standard,49,20.99,3,0
4963,North,Standard,1,9.29,2,0
4964,South,Basic,26,70.53,1,1
4965,North,Premium,71,49.41,0,0
4966,South,Standard,27,51.72,1,0
4967,North,Premium,43,25.52,1,0
4968,South,Basic,71,31.74,0,0
4969,North,Basic,44,67.12,0,0
4970,West,Standard,54,79.32,2,0
4971,North,Basic,69,36.82,2,0
4972,South,Standard,44,60.09,1,0
4973,North,Basic,60,51.42,1,0
4974,North,Standard,37,45.83,2,0
4975,North,Premium,58,81.34,1,0
4976,North,Premium,46,39.84,2,0
4977,North,Premium,25,70.33,1,0
4978,South,Premium,40,54.87,1,0
4979,East,Basic,24,47.7,2,0
4980,North,Basic,29,72.7,0,1
4981,South,Premium,21,53.22,0,0
4982,South,Premium,35,46.26,0,0
4983,North,Premium,25,72.83,0,0
4984,South,Standard,45,70.49,1,0
4985,North,Basic,27,69.64,1,0
4986,North,Premium,35,8.0,2,0
4987,South,Premium,10,55.92,0,0
4988,West,Standard,28,51.82,1,0
4989,West,Premium,26,47.37,1,0
4990,West,Standard,69,58.98,1,0
4991,South,Premium,32,52.69,2,0
4992,North,Basic,2,60.2,4,0
4993,South,Premium,22,43.18,0,0
4994,North,Basic,52,74.97,0,0
4995,North,Basic,12,62.02,1,0
4996,North,Basic,12,57.77,2,0
4997,South,Standard,27,56.89,1,0
4998,South,Basic,26,68.83,1,0
4999,North,Premium,35,66.39,2,0
